pathway	n_phen	n_clust	enrich_un_n3	un_n3_erich
GO_GPI_ANCHOR_BINDING	3	2	0	0
GO_GLYCOLIPID_BINDING	3	3	2	0
GO_TRANSITION_METAL_ION_BINDING	33	7	5	4
GO_DNA_BINDING_TRANSCRIPTION_FACTOR_ACTIVITY	55	11	10	5
GO_TRANSCRIPTION_FACTOR_BINDING	42	4	4	3
GO_SEQUENCE_SPECIFIC_DNA_BINDING	43	10	10	4
GO_SIGNALING_RECEPTOR_BINDING	52	13	10	5
GO_SEQUENCE_SPECIFIC_DOUBLE_STRANDED_DNA_BINDING	35	9	9	3
GO_DOUBLE_STRANDED_DNA_BINDING	38	10	10	3
GO_RNA_BINDING	43	6	4	3
GO_REGULATORY_REGION_NUCLEIC_ACID_BINDING	40	10	10	3
GO_KINASE_BINDING	36	9	6	4
GO_MAP_KINASE_KINASE_ACTIVITY	13	1	1	1
GO_ENHANCER_BINDING	6	2	2	0
GO_DNA_BINDING_TRANSCRIPTION_FACTOR_BINDING	28	3	3	2
GO_SIGNALING_ADAPTOR_ACTIVITY	17	3	3	1
GO_MOLECULAR_ADAPTOR_ACTIVITY	23	4	4	2
GO_PHOSPHATIDYLCHOLINE_STEROL_O_ACYLTRANSFERASE_ACTIVATOR_ACTIVITY	14	9	3	2
GO_TRANSCRIPTION_COREGULATOR_ACTIVITY	27	4	4	2
GO_ZINC_ION_BINDING	30	4	4	3
GO_RNA_POLYMERASE_II_SPECIFIC_DNA_BINDING_TRANSCRIPTION_FACTOR_BINDING	26	3	3	2
GO_PALMITOYL_PROTEIN_HYDROLASE_ACTIVITY	1	1	1	0
GO_CYTOKINE_RECEPTOR_ACTIVITY	11	9	5	1
GO_CYTOKINE_RECEPTOR_BINDING	23	6	6	3
GO_GROWTH_FACTOR_ACTIVITY	14	2	2	1
GO_RIBONUCLEOPROTEIN_COMPLEX_BINDING	16	3	3	1
GO_PRIMARY_MIRNA_BINDING	1	1	1	0
GO_TRANSFORMING_GROWTH_FACTOR_BETA_RECEPTOR_BINDING	3	2	2	0
GO_ENZYME_INHIBITOR_ACTIVITY	18	10	7	1
GO_GROWTH_HORMONE_RECEPTOR_BINDING	12	2	2	0
GO_MOLECULAR_FUNCTION_REGULATOR	35	10	7	4
GO_RECEPTOR_REGULATOR_ACTIVITY	23	4	4	3
GO_IDENTICAL_PROTEIN_BINDING	33	7	6	3
GO_NUCLEOSOMAL_DNA_BINDING	2	1	1	0
GO_NUCLEOSOME_BINDING	3	1	1	0
GO_PROTEIN_DIMERIZATION_ACTIVITY	30	9	8	3
GO_TRANSLATION_REGULATOR_ACTIVITY	19	4	3	1
GO_PROTEIN_HOMODIMERIZATION_ACTIVITY	18	6	5	3
GO_PROTEIN_DOMAIN_SPECIFIC_BINDING	24	5	5	3
GO_PROTEIN_MEMBRANE_ANCHOR	4	2	2	1
GO_NF_KAPPAB_BINDING	9	3	3	0
GO_PHOSPHATASE_BINDING	29	3	3	2
GO_DNA_BINDING_TRANSCRIPTION_ACTIVATOR_ACTIVITY	6	4	4	2
GO_LIPID_BINDING	9	4	3	2
GO_TRANSLATION_FACTOR_ACTIVITY_RNA_BINDING	13	4	3	0
GO_TRANSLATION_REGULATOR_ACTIVITY_NUCLEIC_ACID_BINDING	17	4	3	0
GO_LIGASE_ACTIVITY	8	3	3	0
GO_HORMONE_RECEPTOR_BINDING	23	3	3	2
GO_NUCLEAR_HORMONE_RECEPTOR_BINDING	10	2	2	1
GO_PHOSPHOLIPID_BINDING	4	4	2	0
GO_OLIGOPEPTIDE_BINDING	7	2	2	0
GO_PROXIMAL_PROMOTER_SEQUENCE_SPECIFIC_DNA_BINDING	13	5	5	2
GO_RIBONUCLEOTIDE_BINDING	31	9	7	2
GO_DRUG_BINDING	32	9	8	5
GO_TRANSFERASE_ACTIVITY_TRANSFERRING_PHOSPHORUS_CONTAINING_GROUPS	25	4	4	2
GO_KINASE_ACTIVITY	24	3	3	2
GO_ADENYL_NUCLEOTIDE_BINDING	29	7	6	2
GO_UBIQUITIN_LIKE_PROTEIN_LIGASE_BINDING	24	4	4	3
GO_HORMONE_ACTIVITY	17	3	3	2
GO_PROTEIN_KINASE_ACTIVITY	21	2	2	2
GO_PROTEIN_CONTAINING_COMPLEX_BINDING	29	6	3	2
GO_CYCLIN_DEPENDENT_PROTEIN_SERINE_THREONINE_KINASE_REGULATOR_ACTIVITY	15	2	2	2
GO_GUANYL_NUCLEOTIDE_BINDING	14	3	3	1
GO_ENZYME_REGULATOR_ACTIVITY	25	6	5	3
GO_KINASE_REGULATOR_ACTIVITY	17	3	3	2
GO_MRNA_BINDING	21	4	3	2
GO_UBIQUITIN_LIKE_PROTEIN_TRANSFERASE_ACTIVITY	14	2	2	1
GO_HYDROLASE_ACTIVITY_ACTING_ON_ESTER_BONDS	20	3	2	2
GO_PEPTIDE_HORMONE_BINDING	14	1	1	0
GO_STRUCTURAL_MOLECULE_ACTIVITY	26	7	5	2
GO_INSULIN_LIKE_GROWTH_FACTOR_RECEPTOR_BINDING	9	2	2	1
GO_ORGANIC_CATION_TRANSMEMBRANE_TRANSPORTER_ACTIVITY	18	7	6	0
GO_PHOSPHORIC_ESTER_HYDROLASE_ACTIVITY	15	2	2	2
GO_CYCLIN_DEPENDENT_PROTEIN_SERINE_THREONINE_KINASE_INHIBITOR_ACTIVITY	16	3	3	0
GO_MRNA_3_UTR_BINDING	4	2	2	0
GO_PROTEIN_SERINE_THREONINE_KINASE_INHIBITOR_ACTIVITY	14	2	2	0
GO_PEPTIDASE_ACTIVITY	25	5	4	2
GO_HYDROLASE_ACTIVITY_ACTING_ON_ACID_ANHYDRIDES	19	4	3	2
GO_AMMONIUM_TRANSMEMBRANE_TRANSPORTER_ACTIVITY	14	5	4	0
GO_CATALYTIC_ACTIVITY_ACTING_ON_RNA	19	3	3	2
GO_PROTEIN_HETERODIMERIZATION_ACTIVITY	19	5	4	2
GO_I_SMAD_BINDING	14	2	2	0
GO_PROTEIN_PHOSPHATASE_BINDING	12	3	3	2
GO_BH_DOMAIN_BINDING	8	2	2	0
GO_PROTEIN_C_TERMINUS_BINDING	16	3	2	2
GO_RIBOSOME_BINDING	8	2	2	0
GO_SMAD_BINDING	6	3	3	0
GO_STRUCTURAL_CONSTITUENT_OF_RIBOSOME	10	3	3	2
GO_G_PROTEIN_COUPLED_RECEPTOR_BINDING	10	2	2	0
GO_TRANSLATION_INITIATION_FACTOR_BINDING	15	2	1	0
GO_COFACTOR_BINDING	18	5	5	2
GO_PROTEIN_SERINE_THREONINE_KINASE_ACTIVITY	17	2	2	2
GO_TRANSLATION_INITIATION_FACTOR_ACTIVITY	12	4	3	0
GO_COENZYME_BINDING	14	3	3	2
GO_INSULIN_RECEPTOR_BINDING	13	1	1	0
GO_TRANSFORMING_GROWTH_FACTOR_BETA_RECEPTOR_CYTOPLASMIC_MEDIATOR_ACTIVITY	4	1	1	0
GO_MONOAMINE_TRANSMEMBRANE_TRANSPORTER_ACTIVITY	6	5	4	0
GO_QUATERNARY_AMMONIUM_GROUP_TRANSMEMBRANE_TRANSPORTER_ACTIVITY	10	7	6	0
GO_SODIUM_CHLORIDE_SYMPORTER_ACTIVITY	6	5	4	0
GO_ANION_SODIUM_SYMPORTER_ACTIVITY	6	5	4	0
GO_CATION_CHLORIDE_SYMPORTER_ACTIVITY	6	5	4	0
GO_ANION_CATION_SYMPORTER_ACTIVITY	5	4	3	0
GO_APOLIPOPROTEIN_BINDING	12	7	4	0
GO_SERINE_HYDROLASE_ACTIVITY	6	4	3	0
GO_CYTOKINE_ACTIVITY	9	6	6	1
GO_MOLECULAR_TRANSDUCER_ACTIVITY	6	5	5	2
GO_INTERLEUKIN_1_RECEPTOR_ACTIVITY	8	4	3	2
GO_CYTOKINE_BINDING	8	5	4	1
GO_GROWTH_FACTOR_RECEPTOR_BINDING	6	4	4	1
GO_DNA_BINDING_TRANSCRIPTION_REPRESSOR_ACTIVITY_RNA_POLYMERASE_II_SPECIFIC	10	4	4	3
GO_INTERLEUKIN_2_RECEPTOR_BINDING	4	3	3	1
GO_TRANSCRIPTION_COFACTOR_BINDING	3	2	2	1
GO_TRANSMEMBRANE_SIGNALING_RECEPTOR_ACTIVITY	6	4	4	2
GO_IMMUNOGLOBULIN_RECEPTOR_ACTIVITY	2	1	1	1
GO_TRANSCRIPTION_COACTIVATOR_BINDING	1	1	1	0
GO_LIPOPEPTIDE_BINDING	2	1	1	1
GO_PROTEIN_GLUTAMIC_ACID_LIGASE_ACTIVITY	1	1	0	0
GO_ACID_AMINO_ACID_LIGASE_ACTIVITY	3	2	1	0
GO_PHOSPHATASE_ACTIVITY	7	2	2	1
GO_EXORIBONUCLEASE_ACTIVITY	7	2	2	0
GO_OXIDOREDUCTASE_ACTIVITY	17	6	6	2
GO_EXONUCLEASE_ACTIVITY_ACTIVE_WITH_EITHER_RIBO_OR_DEOXYRIBONUCLEIC_ACIDS_AND_PRODUCING_5_PHOSPHOMONOESTERS	2	1	1	0
GO_CHROMATIN_BINDING	17	2	2	2
GO_RIBONUCLEASE_ACTIVITY	5	2	2	0
GO_EXONUCLEASE_ACTIVITY	1	1	1	0
GO_PHOSPHOPROTEIN_PHOSPHATASE_ACTIVITY	2	1	1	1
GO_ISOMERASE_ACTIVITY	4	2	2	2
GO_3_5_EXONUCLEASE_ACTIVITY	1	1	1	0
GO_MRNA_BINDING_INVOLVED_IN_POSTTRANSCRIPTIONAL_GENE_SILENCING	6	3	2	2
GO_NUCLEOCYTOPLASMIC_CARRIER_ACTIVITY	2	1	1	1
GO_OXIDOREDUCTASE_ACTIVITY_ACTING_ON_PAIRED_DONORS_WITH_INCORPORATION_OR_REDUCTION_OF_MOLECULAR_OXYGEN	6	4	4	2
GO_NUCLEASE_ACTIVITY	5	2	2	2
GO_RNA_POLYMERASE_II_CTD_HEPTAPEPTIDE_REPEAT_PHOSPHATASE_ACTIVITY	2	1	1	0
GO_SNORNA_BINDING	2	1	1	1
GO_FRIZZLED_BINDING	5	3	3	1
GO_KINASE_INHIBITOR_ACTIVITY	11	2	2	1
GO_TRANSCRIPTION_COACTIVATOR_ACTIVITY	17	2	2	2
GO_ENDOPEPTIDASE_ACTIVITY	20	8	7	2
GO_INSULIN_LIKE_GROWTH_FACTOR_BINDING	4	1	1	0
GO_HORMONE_BINDING	8	4	4	1
GO_NUCLEAR_IMPORT_SIGNAL_RECEPTOR_ACTIVITY	2	1	1	1
GO_UBIQUITIN_LIKE_PROTEIN_SPECIFIC_PROTEASE_ACTIVITY	3	1	1	0
GO_OXIDOREDUCTASE_ACTIVITY_ACTING_ON_PAIRED_DONORS_WITH_INCORPORATION_OR_REDUCTION_OF_MOLECULAR_OXYGEN_NAD_P_H_AS_ONE_DONOR_AND_INCORPORATION_OF_ONE_ATOM_OF_OXYGEN	2	1	1	1
GO_LYSINE_N_METHYLTRANSFERASE_ACTIVITY	2	2	2	0
GO_CHROMATIN_DNA_BINDING	3	2	2	1
GO_MONOOXYGENASE_ACTIVITY	7	5	4	2
GO_N_ACETYLLACTOSAMINIDE_BETA_1_3_N_ACETYLGLUCOSAMINYLTRANSFERASE_ACTIVITY	1	1	1	0
GO_RIBOSOMAL_LARGE_SUBUNIT_BINDING	1	1	1	0
GO_FIBRONECTIN_BINDING	1	1	1	0
GO_ORGANIC_ACID_BINDING	3	2	2	1
GO_HISTONE_ACETYLTRANSFERASE_ACTIVITY_H4_K5_SPECIFIC_	1	1	1	1
GO_SERINE_TYPE_ENDOPEPTIDASE_INHIBITOR_ACTIVITY	3	1	1	0
GO_CATALYTIC_ACTIVITY_ACTING_ON_DNA	10	2	2	2
GO_7SK_SNRNA_BINDING	1	1	1	0
GO_CYSTEINE_TYPE_PEPTIDASE_ACTIVITY	3	1	1	1
GO_LYS48_SPECIFIC_DEUBIQUITINASE_ACTIVITY	1	1	1	0
GO_MAGNESIUM_ION_BINDING	3	2	2	1
GO_ANTIPORTER_ACTIVITY	1	1	1	0
GO_PROTEIN_TYROSINE_PHOSPHATASE_ACTIVITY	1	1	1	0
GO_TUMOR_NECROSIS_FACTOR_RECEPTOR_SUPERFAMILY_BINDING	2	1	1	1
GO_OXIDOREDUCTASE_ACTIVITY_ACTING_ON_CH_OH_GROUP_OF_DONORS	2	1	1	1
GO_N_METHYLTRANSFERASE_ACTIVITY	1	1	1	0
GO_S_ADENOSYLMETHIONINE_DEPENDENT_METHYLTRANSFERASE_ACTIVITY	6	2	2	1
GO_MOLECULAR_CARRIER_ACTIVITY	2	1	1	1
GO_INTERMEDIATE_FILAMENT_BINDING	3	1	1	1
GO_1_PHOSPHATIDYLINOSITOL_3_KINASE_REGULATOR_ACTIVITY	1	1	1	0
GO_INTRAMOLECULAR_OXIDOREDUCTASE_ACTIVITY	1	1	1	0
GO_IRON_ION_BINDING	3	2	2	1
GO_PROTEIN_SERINE_THREONINE_PHOSPHATASE_ACTIVITY	2	1	1	0
GO_TRANSPORTER_ACTIVITY	6	4	3	4
GO_HISTONE_METHYLTRANSFERASE_ACTIVITY_H4_K20_SPECIFIC_	11	2	2	0
GO_PSEUDOURIDINE_SYNTHASE_ACTIVITY	1	1	1	0
GO_G_QUADRUPLEX_RNA_BINDING	1	1	1	0
GO_HISTONE_DEACETYLASE_BINDING	4	3	3	1
GO_METALLOPEPTIDASE_ACTIVITY	3	2	2	1
GO_CYTOSKELETAL_PROTEIN_BINDING	6	3	2	2
GO_INWARD_RECTIFIER_POTASSIUM_CHANNEL_ACTIVITY	2	1	1	1
GO_MRNA_5_UTR_BINDING	8	2	2	0
GO_TRANSCRIPTION_COREPRESSOR_ACTIVITY	11	2	2	2
GO_GTPASE_BINDING	9	3	2	2
GO_ENDOPEPTIDASE_REGULATOR_ACTIVITY	2	1	1	0
GO_PEPTIDASE_REGULATOR_ACTIVITY	2	1	1	0
GO_SMALL_GTPASE_BINDING	1	1	1	1
GO_METALLOENDOPEPTIDASE_ACTIVITY	5	2	2	0
GO_CORE_PROMOTER_BINDING	2	1	1	0
GO_ACTIN_BINDING	1	1	1	2
GO_TRANSFERASE_ACTIVITY_TRANSFERRING_ONE_CARBON_GROUPS	5	2	2	2
GO_UNFOLDED_PROTEIN_BINDING	7	2	2	0
GO_DIPEPTIDYL_PEPTIDASE_ACTIVITY	2	1	1	1
GO_ENZYME_ACTIVATOR_ACTIVITY	2	1	1	2
GO_PROTEIN_SERINE_THREONINE_KINASE_ACTIVATOR_ACTIVITY	2	1	1	1
GO_MITOGEN_ACTIVATED_PROTEIN_KINASE_KINASE_BINDING	2	1	1	1
GO_CYSTEINE_TYPE_ENDOPEPTIDASE_INHIBITOR_ACTIVITY_INVOLVED_IN_APOPTOTIC_PROCESS	1	1	1	0
GO_DNA_POLYMERASE_BINDING	2	1	1	1
GO_CARBOXYLIC_ESTER_HYDROLASE_ACTIVITY	1	1	1	0
GO_GROWTH_FACTOR_BINDING	7	4	4	0
GO_OXYSTEROL_BINDING	3	3	3	0
GO_ACETYLCHOLINE_GATED_CATION_SELECTIVE_CHANNEL_ACTIVITY	8	4	3	1
GO_ACETYLCHOLINE_BINDING	8	4	3	1
GO_ACETYLCHOLINE_RECEPTOR_ACTIVITY	8	4	3	1
GO_EXCITATORY_EXTRACELLULAR_LIGAND_GATED_ION_CHANNEL_ACTIVITY	8	4	3	1
GO_NEUROTRANSMITTER_BINDING	7	3	3	1
GO_TRANSMITTER_GATED_CHANNEL_ACTIVITY	7	3	3	1
GO_AMMONIUM_ION_BINDING	7	3	3	1
GO_POSTSYNAPTIC_NEUROTRANSMITTER_RECEPTOR_ACTIVITY	7	3	3	1
GO_EXTRACELLULAR_LIGAND_GATED_ION_CHANNEL_ACTIVITY	7	3	3	1
GO_LIGAND_GATED_CATION_CHANNEL_ACTIVITY	7	3	3	1
GO_VITAMIN_BINDING	2	1	1	0
GO_NEUROTRANSMITTER_RECEPTOR_ACTIVITY	7	3	3	1
GO_LIGAND_GATED_ION_CHANNEL_ACTIVITY	7	3	3	1
GO_SH3_SH2_ADAPTOR_ACTIVITY	1	1	1	0
GO_NUCLEAR_RECEPTOR_BINDING	1	1	1	0
GO_STEROID_HORMONE_RECEPTOR_BINDING	1	1	1	0
GO_RETINOID_X_RECEPTOR_BINDING	5	1	1	0
GO_ESTROGEN_RECEPTOR_BINDING	1	1	1	0
GO_MAP_KINASE_ACTIVITY	1	1	1	0
GO_NUCLEAR_RECEPTOR_TRANSCRIPTION_COACTIVATOR_ACTIVITY	7	2	2	2
GO_CYCLIN_BINDING	11	1	1	2
GO_THREONINE_TYPE_PEPTIDASE_ACTIVITY	1	1	1	1
GO_HISTONE_BINDING	3	2	2	2
GO_PROTEIN_SERINE_THREONINE_TYROSINE_KINASE_ACTIVITY	5	1	1	0
GO_SINGLE_STRANDED_DNA_BINDING	3	1	1	0
GO_PEROXISOME_PROLIFERATOR_ACTIVATED_RECEPTOR_BINDING	3	1	1	0
GO_QUINONE_BINDING	1	1	1	0
GO_OLFACTORY_RECEPTOR_ACTIVITY	5	5	3	1
GO_ODORANT_BINDING	2	2	0	0
GO_SIGNAL_SEQUENCE_BINDING	1	1	1	1
GO_PEPTIDE_BINDING	3	3	2	0
GO_HISTONE_LYSINE_N_METHYLTRANSFERASE_ACTIVITY	1	1	1	0
GO_ALCOHOL_DEHYDROGENASE_NAD_ACTIVITY	2	2	0	0
GO_ALCOHOL_DEHYDROGENASE_ACTIVITY_ZINC_DEPENDENT	2	2	0	0
GO_CHOLESTEROL_TRANSPORTER_ACTIVITY	7	5	2	1
GO_LIPOPROTEIN_PARTICLE_RECEPTOR_BINDING	7	5	2	1
GO_STEROL_TRANSPORTER_ACTIVITY	7	5	2	1
GO_LIPASE_INHIBITOR_ACTIVITY	5	4	2	1
GO_LOW_DENSITY_LIPOPROTEIN_PARTICLE_RECEPTOR_BINDING	7	5	2	1
GO_LIPID_TRANSPORTER_ACTIVITY	8	6	2	1
GO_LIPASE_BINDING	7	5	2	0
GO_HEPARIN_BINDING	7	5	3	0
GO_LIPASE_ACTIVATOR_ACTIVITY	5	4	2	0
GO_PROTEIN_LIPID_COMPLEX_BINDING	5	4	2	0
GO_STEROL_BINDING	5	4	2	0
GO_GLYCOSAMINOGLYCAN_BINDING	6	5	3	0
GO_SULFUR_COMPOUND_BINDING	6	5	3	0
GO_PHOSPHOLIPASE_INHIBITOR_ACTIVITY	3	2	2	0
GO_GENERAL_TRANSCRIPTION_INITIATION_FACTOR_BINDING	2	1	1	0
GO_CHROMO_SHADOW_DOMAIN_BINDING	1	1	1	0
GO_MYOSIN_HEAVY_CHAIN_BINDING	3	1	1	1
GO_RETINOL_DEHYDROGENASE_ACTIVITY	1	1	0	1
GO_OXIDOREDUCTASE_ACTIVITY_ACTING_ON_THE_ALDEHYDE_OR_OXO_GROUP_OF_DONORS	1	1	0	0
GO_RNA_7_METHYLGUANOSINE_CAP_BINDING	1	1	0	0
GO_WNT_PROTEIN_BINDING	1	1	1	0
GO_ATPASE_ACTIVITY_COUPLED	1	1	0	0
GO_ACTIVE_TRANSMEMBRANE_TRANSPORTER_ACTIVITY	3	3	2	0
GO_ATPASE_ACTIVITY	2	2	1	0
GO_ALCOHOL_BINDING	3	2	1	0
GO_AMIDE_BINDING	2	2	1	0
GO_STEROID_BINDING	3	2	1	0
GO_ORGANIC_HYDROXY_COMPOUND_TRANSMEMBRANE_TRANSPORTER_ACTIVITY	3	3	2	0
GO_TRANSMEMBRANE_TRANSPORTER_ACTIVITY	4	3	2	1
GO_PRIMARY_ACTIVE_TRANSMEMBRANE_TRANSPORTER_ACTIVITY	2	2	0	0
GO_EXOGENOUS_PROTEIN_BINDING	1	1	0	0
GO_HEMOGLOBIN_BINDING	1	1	0	0
GO_QUATERNARY_AMMONIUM_GROUP_BINDING	5	4	1	0
GO_APOLIPOPROTEIN_RECEPTOR_BINDING	3	3	1	0
GO_PORIN_ACTIVITY	1	1	0	0
GO_ATPASE_ACTIVITY_COUPLED_TO_MOVEMENT_OF_SUBSTANCES	2	2	0	0
GO_LOW_DENSITY_LIPOPROTEIN_PARTICLE_BINDING	1	1	0	0
GO_CORE_PROMOTER_SEQUENCE_SPECIFIC_DNA_BINDING	1	1	0	0
GO_CARBOHYDRATE_BINDING	1	1	0	0
GO_CHLORIDE_TRANSMEMBRANE_TRANSPORTER_ACTIVITY	2	2	1	0
GO_ARACHIDONIC_ACID_MONOOXYGENASE_ACTIVITY	6	4	3	0
GO_OXIDOREDUCTASE_ACTIVITY_ACTING_ON_PAIRED_DONORS_WITH_INCORPORATION_OR_REDUCTION_OF_MOLECULAR_OXYGEN_REDUCED_FLAVIN_OR_FLAVOPROTEIN_AS_ONE_DONOR_AND_INCORPORATION_OF_ONE_ATOM_OF_OXYGEN	3	3	2	1
GO_STEROID_HYDROXYLASE_ACTIVITY	7	6	5	1
GO_CATION_CHANNEL_ACTIVITY	4	2	2	1
GO_GATED_CHANNEL_ACTIVITY	4	2	2	1
GO_TETRAPYRROLE_BINDING	4	4	3	0
GO_PASSIVE_TRANSMEMBRANE_TRANSPORTER_ACTIVITY	4	2	2	1
GO_EXTRACELLULAR_MATRIX_STRUCTURAL_CONSTITUENT	6	4	4	0
GO_CATION_TRANSMEMBRANE_TRANSPORTER_ACTIVITY	3	1	1	1
GO_ION_TRANSMEMBRANE_TRANSPORTER_ACTIVITY	3	1	1	1
GO_PROTEIN_TYROSINE_KINASE_ACTIVITY	3	1	1	1
GO_RETINOIC_ACID_RECEPTOR_BINDING	2	1	1	0
GO_NEUROPILIN_BINDING	3	1	1	1
GO_TRANSMEMBRANE_RECEPTOR_PROTEIN_KINASE_ACTIVITY	1	1	1	0
GO_TRANSFERASE_ACTIVITY_TRANSFERRING_ALKYL_OR_ARYL_OTHER_THAN_METHYL_GROUPS	1	1	1	0
GO_HYALURONIC_ACID_BINDING	3	1	1	0
GO_STRUCTURAL_CONSTITUENT_OF_EPIDERMIS	1	1	0	0
GO_GUANYL_NUCLEOTIDE_EXCHANGE_FACTOR_ACTIVITY	2	1	1	0
GO_PHOSPHATIDYLINOSITOL_BISPHOSPHATE_PHOSPHATASE_ACTIVITY	2	1	1	0
GO_INOSITOL_HEXAKISPHOSPHATE_KINASE_ACTIVITY	1	1	1	0
GO_MIRNA_BINDING	3	1	1	0
GO_EXTRACELLULAR_MATRIX_STRUCTURAL_CONSTITUENT_CONFERRING_COMPRESSION_RESISTANCE	2	1	1	0
GO_ACTIN_MONOMER_BINDING	1	1	1	0
GO_N_ACYLTRANSFERASE_ACTIVITY	4	3	2	1
GO_REGULATORY_RNA_BINDING	2	1	1	0
GO_SEMAPHORIN_RECEPTOR_BINDING	1	1	1	0
GO_1_PHOSPHATIDYLINOSITOL_4_KINASE_ACTIVITY	1	1	1	0
GO_ACETYLTRANSFERASE_ACTIVITY	1	1	1	0
GO_ACETYLCHOLINE_RECEPTOR_BINDING	1	1	1	0
GO_MYOSIN_BINDING	5	1	1	1
GO_WNT_ACTIVATED_RECEPTOR_ACTIVITY	1	1	1	0
GO_MODIFICATION_DEPENDENT_PROTEIN_BINDING	1	1	1	1
GO_SECONDARY_ACTIVE_TRANSMEMBRANE_TRANSPORTER_ACTIVITY	1	1	1	0
GO_TYPE_II_TRANSFORMING_GROWTH_FACTOR_BETA_RECEPTOR_BINDING	1	1	1	0
GO_DEATH_RECEPTOR_BINDING	1	1	1	0
GO_WD40_REPEAT_DOMAIN_BINDING	1	1	1	0
GO_INTEGRIN_BINDING	1	1	1	2
GO_DNA_TOPOISOMERASE_ACTIVITY	1	1	1	0
GO_POLYUBIQUITIN_MODIFICATION_DEPENDENT_PROTEIN_BINDING	1	1	1	0
GO_K63_LINKED_POLYUBIQUITIN_MODIFICATION_DEPENDENT_PROTEIN_BINDING	1	1	1	0
GO_MITOGEN_ACTIVATED_PROTEIN_KINASE_BINDING	1	1	1	0
GO_TELOMERIC_DNA_BINDING	1	1	1	0
GO_PROMOTER_SPECIFIC_CHROMATIN_BINDING	1	1	1	1
GO_HYDROLASE_ACTIVITY_ACTING_ON_CARBON_NITROGEN_BUT_NOT_PEPTIDE_BONDS	1	1	1	0
GO_LYASE_ACTIVITY	1	1	1	2
GO_NUCLEOTIDYLTRANSFERASE_ACTIVITY	1	1	1	1
GO_RRNA_BINDING	1	1	1	0
GO_OXIDOREDUCTASE_ACTIVITY_ACTING_ON_THE_CH_NH2_GROUP_OF_DONORS_OXYGEN_AS_ACCEPTOR	1	1	1	2
GO_DIPEPTIDASE_ACTIVITY	1	1	1	0
GO_EXTRACELLULAR_MATRIX_CONSTITUENT_CONFERRING_ELASTICITY	1	1	1	0
GO_NADPLUS_ADP_RIBOSYLTRANSFERASE_ACTIVITY	1	1	1	0
GO_NFAT_PROTEIN_BINDING	1	1	1	1
GO_GTPASE_ACTIVATING_PROTEIN_BINDING	1	1	1	0
GO_G_PROTEIN_COUPLED_RECEPTOR_ACTIVITY	2	2	2	1
GO_VITAMIN_D_RECEPTOR_BINDING	1	1	1	0
GO_GLUTATHIONE_PEROXIDASE_ACTIVITY	1	1	1	0
GO_GTPASE_ACTIVITY	1	1	1	1
GO_CELL_ADHESION_MOLECULE_BINDING	2	2	2	1
GO_GLYCOSPHINGOLIPID_BINDING	2	2	2	0
GO_SIALIC_ACID_BINDING	2	2	2	0
GO_SPHINGOLIPID_BINDING	2	2	2	0
GO_OLIGOSACCHARIDE_BINDING	2	2	2	0
GO_GUANYLATE_CYCLASE_ACTIVITY	1	1	1	0
GO_SOLUTE_SODIUM_SYMPORTER_ACTIVITY	2	2	2	0
GO_DRUG_TRANSMEMBRANE_TRANSPORTER_ACTIVITY	2	2	2	0
GO_G_PROTEIN_COUPLED_CHEMOATTRACTANT_RECEPTOR_ACTIVITY	1	1	1	0
GO_C_C_CHEMOKINE_BINDING	1	1	1	0
GO_CHEMOKINE_BINDING	1	1	1	0
GO_PEPTIDE_RECEPTOR_ACTIVITY	1	1	1	0
GO_HSP90_PROTEIN_BINDING	1	1	1	0
GO_INTERLEUKIN_12_RECEPTOR_BINDING	1	1	1	0
GO_ALPHA_ACTININ_BINDING	1	1	0	0
GO_ACTININ_BINDING	1	1	0	0
GO_STRUCTURAL_CONSTITUENT_OF_MUSCLE	1	1	0	0
GO_NUCLEOTIDASE_ACTIVITY	1	1	1	0
GO_G_PROTEIN_BETA_GAMMA_SUBUNIT_COMPLEX_BINDING	1	1	1	0
GO_CALCIUM_ION_BINDING	1	1	1	0
GO_SINGLE_STRANDED_RNA_BINDING	1	1	1	0
GO_RNA_POLYMERASE_II_ACTIVITY	1	1	1	0
GO_RNA_POLYMERASE_ACTIVITY	1	1	1	0
GO_CATALYTIC_ACTIVITY_ACTING_ON_A_TRNA	1	1	1	0
GO_OXYGEN_BINDING	1	1	0	2
GO_ANTIOXIDANT_ACTIVITY	1	1	1	0
GO_INORGANIC_ANION_TRANSMEMBRANE_TRANSPORTER_ACTIVITY	1	1	1	0
