pathway	n_phen	n_clust	enrich_un_n2	un_n2_erich
NABA_MATRISOME	94	40	16	8
REACTOME_DEVELOPMENTAL_BIOLOGY	78	31	10	7
REACTOME_SIGNALING_BY_GPCR	78	32	12	6
NABA_MATRISOME_ASSOCIATED	78	32	13	6
REACTOME_IMMUNE_SYSTEM	76	28	12	6
KEGG_PATHWAYS_IN_CANCER	75	25	11	8
REACTOME_HEMOSTASIS	73	23	12	8
REACTOME_GPCR_DOWNSTREAM_SIGNALING	73	29	12	6
HALLMARK_XENOBIOTIC_METABOLISM	68	19	9	4
KEGG_MAPK_SIGNALING_PATHWAY	66	21	11	4
REACTOME_NEURONAL_SYSTEM	66	25	9	5
REACTOME_METABOLISM_OF_LIPIDS_AND_LIPOPROTEINS	65	22	10	4
NABA_SECRETED_FACTORS	65	25	11	5
KEGG_NEUROACTIVE_LIGAND_RECEPTOR_INTERACTION	62	20	7	4
REACTOME_INNATE_IMMUNE_SYSTEM	61	21	10	5
REACTOME_ADAPTIVE_IMMUNE_SYSTEM	61	20	10	5
HALLMARK_COMPLEMENT	61	20	10	6
REACTOME_SIGNALLING_BY_NGF	60	18	9	5
REACTOME_AXON_GUIDANCE	60	20	8	4
KEGG_NEUROTROPHIN_SIGNALING_PATHWAY	59	17	7	6
KEGG_AXON_GUIDANCE	59	19	6	2
REACTOME_CELL_CYCLE	59	16	8	5
HALLMARK_UV_RESPONSE_DN	59	23	8	2
KEGG_ADHERENS_JUNCTION	59	18	8	5
PID_AMB2_NEUTROPHILS_PATHWAY	59	18	12	7
PID_VEGFR1_2_PATHWAY	58	16	8	5
KEGG_CHEMOKINE_SIGNALING_PATHWAY	58	17	8	4
NABA_CORE_MATRISOME	58	21	9	3
REACTOME_G_ALPHA_I_SIGNALLING_EVENTS	58	18	8	3
KEGG_MELANOGENESIS	57	14	6	4
PID_PDGFRB_PATHWAY	57	17	8	6
HALLMARK_KRAS_SIGNALING_UP	57	21	8	5
REACTOME_PLATELET_ACTIVATION_SIGNALING_AND_AGGREGATION	56	16	7	4
REACTOME_CYTOKINE_SIGNALING_IN_IMMUNE_SYSTEM	56	18	8	4
HALLMARK_MYOGENESIS	56	15	8	2
REACTOME_SIGNALING_BY_NOTCH	56	12	7	5
KEGG_PROSTATE_CANCER	56	16	8	4
KEGG_VASCULAR_SMOOTH_MUSCLE_CONTRACTION	55	18	6	3
REACTOME_CELL_CYCLE_MITOTIC	55	12	7	5
KEGG_REGULATION_OF_ACTIN_CYTOSKELETON	55	16	6	3
REACTOME_TOLL_RECEPTOR_CASCADES	55	16	9	3
REACTOME_TRANSMEMBRANE_TRANSPORT_OF_SMALL_MOLECULES	55	23	11	4
REACTOME_GPCR_LIGAND_BINDING	55	21	8	6
REACTOME_METABOLISM_OF_PROTEINS	54	16	5	3
REACTOME_NGF_SIGNALLING_VIA_TRKA_FROM_THE_PLASMA_MEMBRANE	54	14	8	5
PID_LYSOPHOSPHOLIPID_PATHWAY	54	15	6	2
KEGG_T_CELL_RECEPTOR_SIGNALING_PATHWAY	54	17	9	4
KEGG_DILATED_CARDIOMYOPATHY	54	17	7	3
REACTOME_SIGNALING_BY_ERBB2	54	15	9	4
PID_RB_1PATHWAY	54	14	11	5
REACTOME_NEUROTRANSMITTER_RECEPTOR_BINDING_AND_DOWNSTREAM_TRANSMISSION_IN_THE_POSTSYNAPTIC_CELL	54	17	9	4
NABA_ECM_GLYCOPROTEINS	54	16	7	3
HALLMARK_ESTROGEN_RESPONSE_EARLY	54	17	6	2
HALLMARK_IL2_STAT5_SIGNALING	54	17	8	6
KEGG_ENDOMETRIAL_CANCER	53	15	8	4
KEGG_LONG_TERM_DEPRESSION	53	12	5	4
REACTOME_TRANSMISSION_ACROSS_CHEMICAL_SYNAPSES	53	18	9	5
KEGG_CELL_CYCLE	53	12	8	3
REACTOME_ANTIGEN_PROCESSING_UBIQUITINATION_PROTEASOME_DEGRADATION	53	14	8	3
REACTOME_DOWNSTREAM_SIGNAL_TRANSDUCTION	52	13	8	4
BIOCARTA_MAPK_PATHWAY	52	12	7	3
REACTOME_DOWNSTREAM_SIGNALING_OF_ACTIVATED_FGFR	52	14	8	3
REACTOME_SIGNALING_BY_FGFR	52	13	6	3
KEGG_COLORECTAL_CANCER	52	13	7	3
HALLMARK_ADIPOGENESIS	52	17	7	3
REACTOME_FACTORS_INVOLVED_IN_MEGAKARYOCYTE_DEVELOPMENT_AND_PLATELET_PRODUCTION	52	15	9	5
HALLMARK_UV_RESPONSE_UP	52	11	6	3
REACTOME_GENERIC_TRANSCRIPTION_PATHWAY	52	14	7	3
HALLMARK_TNFA_SIGNALING_VIA_NFKB	52	18	8	5
REACTOME_SIGNALING_BY_PDGF	51	13	8	4
KEGG_PROGESTERONE_MEDIATED_OOCYTE_MATURATION	51	11	5	3
REACTOME_G_ALPHA_S_SIGNALLING_EVENTS	51	13	6	2
PID_MET_PATHWAY	51	14	7	3
REACTOME_SIGNALING_BY_EGFR_IN_CANCER	51	15	9	3
PID_SHP2_PATHWAY	51	14	6	4
KEGG_OOCYTE_MEIOSIS	51	11	6	3
KEGG_CHRONIC_MYELOID_LEUKEMIA	51	17	10	4
KEGG_CALCIUM_SIGNALING_PATHWAY	51	14	8	5
HALLMARK_G2M_CHECKPOINT	51	13	6	3
KEGG_LEUKOCYTE_TRANSENDOTHELIAL_MIGRATION	51	15	6	4
PID_ENDOTHELIN_PATHWAY	50	13	4	2
KEGG_GAP_JUNCTION	50	13	5	4
PID_CXCR4_PATHWAY	50	14	7	6
BIOCARTA_NFAT_PATHWAY	50	12	6	3
HALLMARK_E2F_TARGETS	50	10	4	2
REACTOME_SIGNALING_BY_FGFR_IN_DISEASE	50	11	5	3
KEGG_PURINE_METABOLISM	50	13	5	3
HALLMARK_APICAL_JUNCTION	50	15	8	2
KEGG_WNT_SIGNALING_PATHWAY	50	16	9	5
REACTOME_SIGNALING_BY_ERBB4	50	11	5	3
REACTOME_CELL_CYCLE_CHECKPOINTS	50	11	6	3
KEGG_UBIQUITIN_MEDIATED_PROTEOLYSIS	50	13	6	3
PID_TRKR_PATHWAY	49	13	6	4
REACTOME_OPIOID_SIGNALLING	49	13	8	2
KEGG_VASOPRESSIN_REGULATED_WATER_REABSORPTION	49	10	5	2
REACTOME_PPARA_ACTIVATES_GENE_EXPRESSION	49	15	8	4
KEGG_MELANOMA	49	15	6	3
REACTOME_FATTY_ACID_TRIACYLGLYCEROL_AND_KETONE_BODY_METABOLISM	49	17	9	4
KEGG_GNRH_SIGNALING_PATHWAY	48	10	6	3
KEGG_FOCAL_ADHESION	48	13	4	3
PID_REG_GR_PATHWAY	48	12	8	3
KEGG_B_CELL_RECEPTOR_SIGNALING_PATHWAY	48	11	5	2
PID_ERBB1_DOWNSTREAM_PATHWAY	48	11	5	3
REACTOME_ACTIVATED_TLR4_SIGNALLING	48	11	5	3
REACTOME_INTEGRATION_OF_ENERGY_METABOLISM	48	14	7	5
REACTOME_PRE_NOTCH_EXPRESSION_AND_PROCESSING	48	13	6	4
PID_IL4_2PATHWAY	48	12	7	4
HALLMARK_ESTROGEN_RESPONSE_LATE	48	13	6	2
PID_NCADHERIN_PATHWAY	48	15	5	3
KEGG_PANCREATIC_CANCER	48	14	9	3
KEGG_JAK_STAT_SIGNALING_PATHWAY	48	16	7	4
HALLMARK_P53_PATHWAY	48	15	10	4
KEGG_CYTOKINE_CYTOKINE_RECEPTOR_INTERACTION	48	20	9	4
REACTOME_CLASS_I_MHC_MEDIATED_ANTIGEN_PROCESSING_PRESENTATION	48	12	6	3
REACTOME_TRANSCRIPTIONAL_REGULATION_OF_WHITE_ADIPOCYTE_DIFFERENTIATION	48	15	9	4
KEGG_HUNTINGTONS_DISEASE	48	12	6	3
KEGG_ACUTE_MYELOID_LEUKEMIA	47	10	6	4
KEGG_INSULIN_SIGNALING_PATHWAY	47	10	4	2
PID_PI3KCI_PATHWAY	47	13	6	3
PID_S1P_S1P4_PATHWAY	47	8	4	3
REACTOME_TRIF_MEDIATED_TLR3_SIGNALING	47	13	8	3
REACTOME_INSULIN_RECEPTOR_SIGNALLING_CASCADE	47	9	5	3
REACTOME_TRAF6_MEDIATED_INDUCTION_OF_NFKB_AND_MAP_KINASES_UPON_TLR7_8_OR_9_ACTIVATION	47	11	7	3
REACTOME_DNA_REPLICATION	47	8	5	4
REACTOME_MYD88_MAL_CASCADE_INITIATED_ON_PLASMA_MEMBRANE	47	10	5	3
KEGG_NON_SMALL_CELL_LUNG_CANCER	47	11	6	3
HALLMARK_MTORC1_SIGNALING	47	12	5	2
REACTOME_INCRETIN_SYNTHESIS_SECRETION_AND_INACTIVATION	47	12	6	5
REACTOME_BIOLOGICAL_OXIDATIONS	47	14	7	4
KEGG_BASAL_CELL_CARCINOMA	47	14	8	5
HALLMARK_KRAS_SIGNALING_DN	47	12	6	2
PID_TELOMERASE_PATHWAY	47	14	10	5
PID_ANGIOPOIETIN_RECEPTOR_PATHWAY	46	11	7	6
PID_P75_NTR_PATHWAY	46	12	7	5
REACTOME_SIGNALING_BY_SCF_KIT	46	12	7	3
ST_ERK1_ERK2_MAPK_PATHWAY	46	10	6	4
HALLMARK_ANDROGEN_RESPONSE	46	9	6	2
REACTOME_G_ALPHA1213_SIGNALLING_EVENTS	46	13	6	2
KEGG_TGF_BETA_SIGNALING_PATHWAY	46	13	6	4
HALLMARK_MITOTIC_SPINDLE	46	14	4	3
REACTOME_POST_TRANSLATIONAL_PROTEIN_MODIFICATION	46	13	5	3
PID_ER_NONGENOMIC_PATHWAY	46	10	5	2
REACTOME_REGULATION_OF_INSULIN_SECRETION	46	13	7	4
BIOCARTA_ALK_PATHWAY	46	13	7	4
HALLMARK_APOPTOSIS	46	12	7	3
KEGG_TIGHT_JUNCTION	46	19	9	5
KEGG_FC_EPSILON_RI_SIGNALING_PATHWAY	45	12	7	3
PID_MTOR_4PATHWAY	45	9	4	2
REACTOME_PLC_BETA_MEDIATED_EVENTS	45	10	5	2
HALLMARK_GLYCOLYSIS	45	12	5	3
REACTOME_SIGNALING_BY_INSULIN_RECEPTOR	45	9	5	3
REACTOME_NFKB_AND_MAP_KINASES_ACTIVATION_MEDIATED_BY_TLR4_SIGNALING_REPERTOIRE	45	11	7	2
REACTOME_NUCLEAR_EVENTS_KINASE_AND_TRANSCRIPTION_FACTOR_ACTIVATION	45	9	5	5
REACTOME_MITOTIC_M_M_G1_PHASES	45	7	4	4
BIOCARTA_RACCYCD_PATHWAY	45	8	6	3
PID_RXR_VDR_PATHWAY	45	12	8	3
PID_AVB3_INTEGRIN_PATHWAY	45	11	4	2
NABA_ECM_REGULATORS	45	14	6	3
REACTOME_METABOLISM_OF_CARBOHYDRATES	45	13	5	3
HALLMARK_HYPOXIA	45	11	4	2
KEGG_SMALL_CELL_LUNG_CANCER	45	11	5	4
KEGG_THYROID_CANCER	45	9	4	2
HALLMARK_CHOLESTEROL_HOMEOSTASIS	45	14	8	4
PID_SMAD2_3NUCLEAR_PATHWAY	45	12	8	4
BIOCARTA_G1_PATHWAY	45	13	8	4
KEGG_ENDOCYTOSIS	45	16	7	3
REACTOME_APOPTOSIS	45	9	4	3
REACTOME_MAP_KINASE_ACTIVATION_IN_TLR_CASCADE	44	7	4	2
REACTOME_ERK_MAPK_TARGETS	44	8	5	3
REACTOME_SIGNALING_BY_THE_B_CELL_RECEPTOR_BCR	44	11	6	3
HALLMARK_COAGULATION	44	18	10	6
PID_S1P_S1P3_PATHWAY	44	8	3	2
HALLMARK_MYC_TARGETS_V1	44	10	5	2
PID_LPA4_PATHWAY	44	8	4	3
REACTOME_GABA_B_RECEPTOR_ACTIVATION	44	9	4	2
PID_MYC_ACTIV_PATHWAY	44	12	7	2
KEGG_HYPERTROPHIC_CARDIOMYOPATHY_HCM	44	13	7	3
KEGG_TYPE_II_DIABETES_MELLITUS	44	12	5	3
KEGG_GLIOMA	44	11	5	3
PID_TAP63_PATHWAY	44	9	3	2
PID_P53_DOWNSTREAM_PATHWAY	44	12	7	4
PID_MAPK_TRK_PATHWAY	43	7	3	2
PID_AR_NONGENOMIC_PATHWAY	43	8	5	2
REACTOME_METABOLISM_OF_RNA	43	8	5	3
PID_THROMBIN_PAR1_PATHWAY	43	11	5	4
REACTOME_METABOLISM_OF_MRNA	43	9	5	3
KEGG_ERBB_SIGNALING_PATHWAY	43	12	5	2
REACTOME_S_PHASE	43	8	6	2
REACTOME_SYNTHESIS_SECRETION_AND_INACTIVATION_OF_GIP	43	9	6	4
HALLMARK_HEME_METABOLISM	43	9	5	3
HALLMARK_WNT_BETA_CATENIN_SIGNALING	43	11	5	3
HALLMARK_EPITHELIAL_MESENCHYMAL_TRANSITION	43	17	6	2
SIG_PIP3_SIGNALING_IN_CARDIAC_MYOCTES	43	9	4	4
PID_ECADHERIN_STABILIZATION_PATHWAY	43	9	3	2
KEGG_VEGF_SIGNALING_PATHWAY	42	9	3	2
PID_CXCR3_PATHWAY	42	7	3	2
PID_IL2_1PATHWAY	42	15	6	4
PID_NETRIN_PATHWAY	42	9	5	3
REACTOME_MAPK_TARGETS_NUCLEAR_EVENTS_MEDIATED_BY_MAP_KINASES	42	7	4	3
PID_KIT_PATHWAY	42	15	8	3
PID_MYC_REPRESS_PATHWAY	42	10	6	3
REACTOME_MRNA_PROCESSING	42	8	3	2
BIOCARTA_AGR_PATHWAY	42	8	3	2
PID_ERBB1_RECEPTOR_PROXIMAL_PATHWAY	42	8	4	2
REACTOME_HIV_INFECTION	42	8	4	2
KEGG_MTOR_SIGNALING_PATHWAY	42	9	4	2
REACTOME_SIGNALING_BY_RHO_GTPASES	42	12	6	5
WNT_SIGNALING	42	13	6	4
REACTOME_METABOLISM_OF_AMINO_ACIDS_AND_DERIVATIVES	42	12	6	2
KEGG_P53_SIGNALING_PATHWAY	42	9	3	3
HALLMARK_PI3K_AKT_MTOR_SIGNALING	42	17	10	4
REACTOME_SIGNALLING_TO_ERKS	41	7	3	2
REACTOME_SEMAPHORIN_INTERACTIONS	41	13	8	4
PID_PRL_SIGNALING_EVENTS_PATHWAY	41	9	5	3
PID_AR_TF_PATHWAY	41	12	7	3
REACTOME_PI3K_AKT_ACTIVATION	41	11	5	3
PID_ERBB4_PATHWAY	41	10	3	2
REACTOME_G_ALPHA_Z_SIGNALLING_EVENTS	41	11	4	2
REACTOME_GABA_RECEPTOR_ACTIVATION	41	9	4	2
REACTOME_CELL_CELL_COMMUNICATION	41	16	5	3
HALLMARK_SPERMATOGENESIS	41	14	7	4
KEGG_HEDGEHOG_SIGNALING_PATHWAY	41	14	7	4
REACTOME_MITOTIC_G1_G1_S_PHASES	41	9	7	4
ST_FAS_SIGNALING_PATHWAY	41	8	4	2
KEGG_CELL_ADHESION_MOLECULES_CAMS	41	17	6	1
REACTOME_ADENYLATE_CYCLASE_INHIBITORY_PATHWAY	40	7	4	2
PID_IGF1_PATHWAY	40	9	3	2
KEGG_SPLICEOSOME	40	6	3	2
BIOCARTA_EDG1_PATHWAY	40	8	5	2
KEGG_TOLL_LIKE_RECEPTOR_SIGNALING_PATHWAY	40	12	5	2
KEGG_FC_GAMMA_R_MEDIATED_PHAGOCYTOSIS	40	10	4	2
PID_BCR_5PATHWAY	40	11	5	2
REACTOME_PHOSPHOLIPASE_C_MEDIATED_CASCADE	40	12	7	2
PID_AVB3_OPN_PATHWAY	40	9	5	4
KEGG_ARRHYTHMOGENIC_RIGHT_VENTRICULAR_CARDIOMYOPATHY_ARVC	40	14	5	2
BIOCARTA_LONGEVITY_PATHWAY	40	8	4	2
PID_AJDISS_2PATHWAY	40	12	4	3
REACTOME_CLASS_B_2_SECRETIN_FAMILY_RECEPTORS	40	12	6	4
REACTOME_L1CAM_INTERACTIONS	40	11	3	2
REACTOME_CONVERSION_FROM_APC_C_CDC20_TO_APC_C_CDH1_IN_LATE_ANAPHASE	40	9	5	3
HALLMARK_INFLAMMATORY_RESPONSE	40	19	7	5
PID_FOXM1_PATHWAY	40	10	6	2
REACTOME_INTERFERON_SIGNALING	40	12	4	2
BIOCARTA_ERK_PATHWAY	40	8	4	2
PID_AP1_PATHWAY	40	15	10	5
PID_S1P_S1P2_PATHWAY	39	6	3	2
PID_FCER1_PATHWAY	39	10	5	2
REACTOME_ADENYLATE_CYCLASE_ACTIVATING_PATHWAY	39	7	4	2
BIOCARTA_AKAP13_PATHWAY	39	9	5	3
REACTOME_SIGNALLING_TO_P38_VIA_RIT_AND_RIN	39	6	3	2
KEGG_RENAL_CELL_CARCINOMA	39	11	5	3
REACTOME_MITOTIC_PROMETAPHASE	39	6	3	3
SIG_BCR_SIGNALING_PATHWAY	39	11	4	2
PID_TGFBR_PATHWAY	39	10	6	3
PID_RETINOIC_ACID_PATHWAY	39	8	3	2
REACTOME_SIGNALING_BY_TGF_BETA_RECEPTOR_COMPLEX	39	15	9	4
REACTOME_MITOTIC_G2_G2_M_PHASES	39	8	4	2
KEGG_LYSOSOME	39	7	4	2
ST_B_CELL_ANTIGEN_RECEPTOR	38	12	5	3
PID_SMAD2_3PATHWAY	38	7	4	2
REACTOME_PRE_NOTCH_TRANSCRIPTION_AND_TRANSLATION	38	13	7	4
REACTOME_CELL_SURFACE_INTERACTIONS_AT_THE_VASCULAR_WALL	38	12	8	4
BIOCARTA_BAD_PATHWAY	38	7	3	2
PID_BARD1_PATHWAY	38	10	6	3
BIOCARTA_FMLP_PATHWAY	38	7	4	2
ST_DIFFERENTIATION_PATHWAY_IN_PC12_CELLS	38	12	5	3
PID_ARF6_DOWNSTREAM_PATHWAY	38	7	3	2
REACTOME_G1_S_TRANSITION	38	7	5	3
BIOCARTA_CELLCYCLE_PATHWAY	38	8	4	3
REACTOME_APC_C_CDC20_MEDIATED_DEGRADATION_OF_MITOTIC_PROTEINS	38	7	5	3
REACTOME_SLC_MEDIATED_TRANSMEMBRANE_TRANSPORT	38	17	10	4
PID_LKB1_PATHWAY	38	8	5	2
KEGG_ALZHEIMERS_DISEASE	38	10	5	4
BIOCARTA_HER2_PATHWAY	38	8	5	4
REACTOME_SIGNAL_TRANSDUCTION_BY_L1	38	8	3	2
REACTOME_CELL_JUNCTION_ORGANIZATION	38	14	5	2
REACTOME_GASTRIN_CREB_SIGNALLING_PATHWAY_VIA_PKC_AND_MAPK	38	17	5	2
PID_RET_PATHWAY	37	9	5	2
KEGG_NATURAL_KILLER_CELL_MEDIATED_CYTOTOXICITY	37	9	5	2
BIOCARTA_HDAC_PATHWAY	37	8	4	2
REACTOME_DAG_AND_IP3_SIGNALING	37	9	4	2
REACTOME_IL_2_SIGNALING	37	9	6	3
REACTOME_REGULATION_OF_WATER_BALANCE_BY_RENAL_AQUAPORINS	37	9	4	2
PID_ERBB2_ERBB3_PATHWAY	37	7	3	2
REACTOME_NUCLEAR_RECEPTOR_TRANSCRIPTION_PATHWAY	37	10	5	3
REACTOME_TRANSCRIPTION	37	8	3	2
BIOCARTA_CARM_ER_PATHWAY	37	12	5	2
REACTOME_PLATELET_HOMEOSTASIS	37	13	6	5
PID_PI3K_PLC_TRK_PATHWAY	37	12	7	3
REACTOME_SYNTHESIS_OF_DNA	37	9	6	2
PID_PS1_PATHWAY	37	9	5	3
REACTOME_RNA_POL_I_RNA_POL_III_AND_MITOCHONDRIAL_TRANSCRIPTION	37	7	3	2
PID_FOXO_PATHWAY	37	10	5	3
HALLMARK_TGF_BETA_SIGNALING	37	10	4	3
PID_P73PATHWAY	37	9	4	2
REACTOME_PEPTIDE_LIGAND_BINDING_RECEPTORS	37	13	5	3
REACTOME_PHOSPHORYLATION_OF_THE_APC_C	37	8	5	3
REACTOME_APC_C_CDC20_MEDIATED_DEGRADATION_OF_CYCLIN_B	37	8	5	3
REACTOME_CLASS_A1_RHODOPSIN_LIKE_RECEPTORS	37	13	5	3
REACTOME_PI3K_CASCADE	37	9	5	4
PID_IL2_PI3K_PATHWAY	37	16	8	3
REACTOME_P75_NTR_RECEPTOR_MEDIATED_SIGNALLING	37	10	6	4
REACTOME_GPVI_MEDIATED_ACTIVATION_CASCADE	36	8	4	1
REACTOME_CA_DEPENDENT_EVENTS	36	8	4	2
REACTOME_GLUCAGON_SIGNALING_IN_METABOLIC_REGULATION	36	10	4	2
PID_SYNDECAN_3_PATHWAY	36	7	4	2
REACTOME_TRANSLATION	36	7	4	2
BIOCARTA_ACH_PATHWAY	36	9	5	3
REACTOME_PROCESSING_OF_CAPPED_INTRON_CONTAINING_PRE_MRNA	36	8	3	2
BIOCARTA_RAS_PATHWAY	36	10	7	3
PID_LIS1_PATHWAY	36	8	5	3
PID_TXA2PATHWAY	36	12	6	2
PID_HDAC_CLASSI_PATHWAY	36	11	6	2
REACTOME_3_UTR_MEDIATED_TRANSLATIONAL_REGULATION	36	7	3	2
REACTOME_HOST_INTERACTIONS_OF_HIV_FACTORS	36	7	4	2
REACTOME_NETRIN1_SIGNALING	36	14	5	1
REACTOME_REGULATION_OF_MITOTIC_CELL_CYCLE	36	6	4	3
HALLMARK_ALLOGRAFT_REJECTION	36	16	7	4
REACTOME_AUTODEGRADATION_OF_CDH1_BY_CDH1_APC_C	36	6	5	3
REACTOME_CYCLIN_E_ASSOCIATED_EVENTS_DURING_G1_S_TRANSITION_	36	7	4	2
REACTOME_ANTIVIRAL_MECHANISM_BY_IFN_STIMULATED_GENES	36	8	3	2
REACTOME_FRS2_MEDIATED_CASCADE	36	8	4	2
REACTOME_PI3K_EVENTS_IN_ERBB2_SIGNALING	36	11	7	3
PID_EPO_PATHWAY	36	16	8	4
REACTOME_POTASSIUM_CHANNELS	36	14	3	2
HALLMARK_INTERFERON_GAMMA_RESPONSE	36	16	7	3
PID_EPHA_FWDPATHWAY	35	9	3	2
BIOCARTA_MET_PATHWAY	35	10	5	3
REACTOME_SIGNALING_BY_ILS	35	11	5	3
PID_PTP1B_PATHWAY	35	12	6	2
SIG_CD40PATHWAYMAP	35	10	4	2
PID_HDAC_CLASSII_PATHWAY	35	7	4	3
PID_GMCSF_PATHWAY	35	11	4	2
BIOCARTA_PTEN_PATHWAY	35	8	4	2
REACTOME_AQUAPORIN_MEDIATED_TRANSPORT	35	9	4	2
BIOCARTA_TFF_PATHWAY	35	7	4	2
BIOCARTA_PYK2_PATHWAY	35	7	3	2
PID_P38_MKK3_6PATHWAY	35	7	3	2
REACTOME_SIGNALING_BY_NOTCH1	35	9	4	3
PID_TCR_PATHWAY	35	16	9	2
PID_P38_ALPHA_BETA_DOWNSTREAM_PATHWAY	35	10	5	2
KEGG_ALDOSTERONE_REGULATED_SODIUM_REABSORPTION	35	11	4	2
REACTOME_G1_PHASE	35	8	5	4
REACTOME_APC_C_CDH1_MEDIATED_DEGRADATION_OF_CDC20_AND_OTHER_APC_C_CDH1_TARGETED_PROTEINS_IN_LATE_MITOSIS_EARLY_G1	35	6	5	3
REACTOME_NUCLEAR_SIGNALING_BY_ERBB4	35	9	4	2
REACTOME_PI3K_EVENTS_IN_ERBB4_SIGNALING	35	9	4	3
PID_AR_PATHWAY	35	6	3	2
REACTOME_SHC1_EVENTS_IN_ERBB4_SIGNALING	35	9	3	2
REACTOME_RESPONSE_TO_ELEVATED_PLATELET_CYTOSOLIC_CA2_	35	9	5	4
PID_FGF_PATHWAY	35	10	6	4
KEGG_PHOSPHATIDYLINOSITOL_SIGNALING_SYSTEM	35	10	6	3
BIOCARTA_HCMV_PATHWAY	34	10	6	3
BIOCARTA_PPARA_PATHWAY	34	11	6	3
REACTOME_G_PROTEIN_ACTIVATION	34	7	3	1
PID_NFAT_3PATHWAY	34	8	4	2
REACTOME_RAF_MAP_KINASE_CASCADE	34	5	3	2
BIOCARTA_AT1R_PATHWAY	34	7	3	2
REACTOME_CD28_CO_STIMULATION	34	12	6	3
BIOCARTA_BARR_MAPK_PATHWAY	34	6	3	2
BIOCARTA_IGF1_PATHWAY	34	10	5	3
REACTOME_GROWTH_HORMONE_RECEPTOR_SIGNALING	34	7	3	2
REACTOME_DIABETES_PATHWAYS	34	10	5	3
REACTOME_REGULATION_OF_ORNITHINE_DECARBOXYLASE_ODC	34	6	4	2
REACTOME_P53_DEPENDENT_G1_DNA_DAMAGE_RESPONSE	34	7	5	3
PID_HES_HEY_PATHWAY	34	9	4	3
REACTOME_TRANSPORT_OF_GLUCOSE_AND_OTHER_SUGARS_BILE_SALTS_AND_ORGANIC_ACIDS_METAL_IONS_AND_AMINE_COMPOUNDS	34	15	7	2
KEGG_LYSINE_DEGRADATION	34	7	4	2
BIOCARTA_RNA_PATHWAY	34	11	6	4
REACTOME_G_ALPHA_Q_SIGNALLING_EVENTS	34	15	5	2
BIOCARTA_TEL_PATHWAY	34	11	6	3
REACTOME_CHROMOSOME_MAINTENANCE	34	6	2	2
BIOCARTA_ECM_PATHWAY	33	6	3	1
BIOCARTA_INTEGRIN_PATHWAY	33	7	3	1
REACTOME_MRNA_SPLICING	33	7	3	2
REACTOME_EARLY_PHASE_OF_HIV_LIFE_CYCLE	33	6	3	2
REACTOME_SOS_MEDIATED_SIGNALLING	33	5	3	2
PID_CMYB_PATHWAY	33	9	4	2
KEGG_RIBOSOME	33	6	3	2
BIOCARTA_P53HYPOXIA_PATHWAY	33	8	4	2
REACTOME_PHOSPHOLIPID_METABOLISM	33	10	4	2
PID_CERAMIDE_PATHWAY	33	10	5	2
HALLMARK_UNFOLDED_PROTEIN_RESPONSE	33	9	4	2
BIOCARTA_CTCF_PATHWAY	33	9	5	3
REACTOME_SIGNALING_BY_BMP	33	9	3	2
REACTOME_NONSENSE_MEDIATED_DECAY_ENHANCED_BY_THE_EXON_JUNCTION_COMPLEX	33	7	4	2
REACTOME_SCFSKP2_MEDIATED_DEGRADATION_OF_P27_P21	33	7	6	3
HALLMARK_APICAL_SURFACE	33	8	4	2
REACTOME_INHIBITION_OF_THE_PROTEOLYTIC_ACTIVITY_OF_APC_C_REQUIRED_FOR_THE_ONSET_OF_ANAPHASE_BY_MITOTIC_SPINDLE_CHECKPOINT_COMPONENTS	33	9	5	2
KEGG_EPITHELIAL_CELL_SIGNALING_IN_HELICOBACTER_PYLORI_INFECTION	33	13	8	5
REACTOME_M_G1_TRANSITION	33	6	4	2
REACTOME_ACTIVATION_OF_BH3_ONLY_PROTEINS	33	6	3	2
REACTOME_INTRINSIC_PATHWAY_FOR_APOPTOSIS	33	7	3	2
REACTOME_DOWNSTREAM_SIGNALING_EVENTS_OF_B_CELL_RECEPTOR_BCR	33	8	4	3
KEGG_AMYOTROPHIC_LATERAL_SCLEROSIS_ALS	33	6	3	2
PID_VEGFR1_PATHWAY	33	9	5	3
REACTOME_GRB2_EVENTS_IN_ERBB2_SIGNALING	33	8	3	2
PID_ERBB_NETWORK_PATHWAY	33	13	6	1
REACTOME_CELL_CELL_JUNCTION_ORGANIZATION	33	13	5	1
PID_CDC42_PATHWAY	33	8	3	2
PID_S1P_S1P1_PATHWAY	32	7	3	1
PID_INSULIN_PATHWAY	32	9	5	3
REACTOME_ANTIGEN_ACTIVATES_B_CELL_RECEPTOR_LEADING_TO_GENERATION_OF_SECOND_MESSENGERS	32	9	4	2
REACTOME_SIGNALLING_TO_RAS	32	7	3	2
BIOCARTA_BCELLSURVIVAL_PATHWAY	32	7	4	1
PID_FAS_PATHWAY	32	7	3	1
BIOCARTA_ERK5_PATHWAY	32	6	4	0
REACTOME_SRP_DEPENDENT_COTRANSLATIONAL_PROTEIN_TARGETING_TO_MEMBRANE	32	6	4	2
PID_EPHB_FWD_PATHWAY	32	9	4	2
BIOCARTA_MAL_PATHWAY	32	7	3	3
REACTOME_INTEGRATION_OF_PROVIRUS	32	6	3	2
PID_IFNG_PATHWAY	32	9	5	4
BIOCARTA_CDC42RAC_PATHWAY	32	9	5	2
REACTOME_HIV_LIFE_CYCLE	32	7	3	2
BIOCARTA_TGFB_PATHWAY	32	10	7	2
HALLMARK_HEDGEHOG_SIGNALING	32	10	4	2
PID_GLYPICAN_1PATHWAY	32	7	4	2
REACTOME_ACTIVATION_OF_THE_MRNA_UPON_BINDING_OF_THE_CAP_BINDING_COMPLEX_AND_EIFS_AND_SUBSEQUENT_BINDING_TO_43S	32	7	3	2
REACTOME_REGULATION_OF_INSULIN_LIKE_GROWTH_FACTOR_IGF_ACTIVITY_BY_INSULIN_LIKE_GROWTH_FACTOR_BINDING_PROTEINS_IGFBPS	32	9	5	3
REACTOME_ORGANIC_CATION_ANION_ZWITTERION_TRANSPORT	32	15	10	3
PID_IL2_STAT5_PATHWAY	32	11	6	3
PID_INSULIN_GLUCOSE_PATHWAY	32	6	3	2
KEGG_BLADDER_CANCER	32	7	3	2
BIOCARTA_INSULIN_PATHWAY	32	10	5	4
BIOCARTA_CTLA4_PATHWAY	32	15	8	1
PID_NFAT_TFPATHWAY	32	12	6	3
KEGG_APOPTOSIS	32	13	8	4
PID_HIF1_TFPATHWAY	32	11	5	3
REACTOME_CIRCADIAN_CLOCK	31	11	5	2
BIOCARTA_IGF1R_PATHWAY	31	5	3	2
BIOCARTA_CDK5_PATHWAY	31	5	2	2
REACTOME_SHC1_EVENTS_IN_EGFR_SIGNALING	31	5	3	2
REACTOME_SHC_MEDIATED_SIGNALLING	31	5	3	2
PID_A6B1_A6B4_INTEGRIN_PATHWAY	31	9	4	3
PID_HEDGEHOG_2PATHWAY	31	7	4	2
PID_BMP_PATHWAY	31	9	3	2
REACTOME_MEMBRANE_TRAFFICKING	31	7	3	2
PID_P53_REGULATION_PATHWAY	31	7	3	3
REACTOME_MHC_CLASS_II_ANTIGEN_PRESENTATION	31	8	3	2
REACTOME_CDK_MEDIATED_PHOSPHORYLATION_AND_REMOVAL_OF_CDC6	31	7	6	3
REACTOME_DOWNREGULATION_OF_SMAD2_3_SMAD4_TRANSCRIPTIONAL_ACTIVITY	31	10	4	2
PID_ATF2_PATHWAY	31	8	4	2
BIOCARTA_P53_PATHWAY	31	8	4	2
REACTOME_RIG_I_MDA5_MEDIATED_INDUCTION_OF_IFN_ALPHA_BETA_PATHWAYS	31	10	5	2
REACTOME_NCAM_SIGNALING_FOR_NEURITE_OUT_GROWTH	31	7	4	3
KEGG_ADIPOCYTOKINE_SIGNALING_PATHWAY	31	13	6	2
REACTOME_TRANSPORT_OF_INORGANIC_CATIONS_ANIONS_AND_AMINO_ACIDS_OLIGOPEPTIDES	31	11	7	3
REACTOME_LOSS_OF_NLP_FROM_MITOTIC_CENTROSOMES	31	8	4	2
REACTOME_GLUCOSE_METABOLISM	30	7	4	3
BIOCARTA_CREB_PATHWAY	30	8	3	2
PID_FAK_PATHWAY	30	10	5	3
PID_ECADHERIN_KERATINOCYTE_PATHWAY	30	10	4	2
REACTOME_RNA_POL_I_PROMOTER_OPENING	30	3	2	1
HALLMARK_PANCREAS_BETA_CELLS	30	7	3	2
PID_IL6_7_PATHWAY	30	11	5	3
PID_NOTCH_PATHWAY	30	9	6	2
PID_E2F_PATHWAY	30	8	5	2
REACTOME_INFLUENZA_VIRAL_RNA_TRANSCRIPTION_AND_REPLICATION	30	6	3	2
SIG_PIP3_SIGNALING_IN_B_LYMPHOCYTES	30	8	2	2
REACTOME_PROLACTIN_RECEPTOR_SIGNALING	30	7	3	2
REACTOME_COSTIMULATION_BY_THE_CD28_FAMILY	30	11	7	3
KEGG_CARDIAC_MUSCLE_CONTRACTION	30	12	7	2
REACTOME_PI_3K_CASCADE	30	9	5	3
PID_PI3KCI_AKT_PATHWAY	30	7	3	2
PID_HEDGEHOG_GLI_PATHWAY	30	8	4	2
REACTOME_DNA_REPAIR	30	7	3	2
REACTOME_ACTIVATION_OF_RAC	30	9	3	1
BIOCARTA_IGF1MTOR_PATHWAY	30	8	4	2
PID_BETA_CATENIN_NUC_PATHWAY	30	11	6	3
PID_HDAC_CLASSIII_PATHWAY	30	8	4	2
KEGG_INOSITOL_PHOSPHATE_METABOLISM	30	10	6	3
REACTOME_MEIOSIS	30	7	3	2
REACTOME_PKA_MEDIATED_PHOSPHORYLATION_OF_CREB	29	7	4	2
REACTOME_PLATELET_CALCIUM_HOMEOSTASIS	29	8	3	1
REACTOME_CD28_DEPENDENT_PI3K_AKT_SIGNALING	29	12	6	2
REACTOME_RORA_ACTIVATES_CIRCADIAN_EXPRESSION	29	10	5	2
PID_TRAIL_PATHWAY	29	7	4	1
REACTOME_GAMMA_CARBOXYLATION_TRANSPORT_AND_AMINO_TERMINAL_CLEAVAGE_OF_PROTEINS	29	7	5	2
BIOCARTA_VEGF_PATHWAY	29	8	4	2
BIOCARTA_PAR1_PATHWAY	29	9	5	2
PID_ECADHERIN_NASCENT_AJ_PATHWAY	29	8	4	2
REACTOME_PEPTIDE_CHAIN_ELONGATION	29	5	3	2
BIOCARTA_ARF_PATHWAY	29	10	5	3
REACTOME_FORMATION_OF_THE_TERNARY_COMPLEX_AND_SUBSEQUENTLY_THE_43S_COMPLEX	29	6	3	2
REACTOME_ORC1_REMOVAL_FROM_CHROMATIN	29	6	4	2
REACTOME_INTERACTION_BETWEEN_L1_AND_ANKYRINS	29	7	3	2
REACTOME_REGULATION_OF_MRNA_STABILITY_BY_PROTEINS_THAT_BIND_AU_RICH_ELEMENTS	29	7	3	2
REACTOME_PHASE1_FUNCTIONALIZATION_OF_COMPOUNDS	29	11	5	3
SIG_IL4RECEPTOR_IN_B_LYPHOCYTES	29	11	6	4
REACTOME_SIGNALING_BY_WNT	29	8	6	3
REACTOME_ER_PHAGOSOME_PATHWAY	29	7	6	2
REACTOME_AUTODEGRADATION_OF_THE_E3_UBIQUITIN_LIGASE_COP1	29	5	4	2
HALLMARK_FATTY_ACID_METABOLISM	29	10	6	3
BIOCARTA_AKT_PATHWAY	29	9	6	4
PID_ALK1_PATHWAY	29	9	4	1
REACTOME_TRANSCRIPTIONAL_ACTIVITY_OF_SMAD2_SMAD3_SMAD4_HETEROTRIMER	29	8	4	2
KEGG_PYRUVATE_METABOLISM	29	7	3	2
REACTOME_REGULATION_OF_AMPK_ACTIVITY_VIA_LKB1	29	6	3	2
BIOCARTA_GH_PATHWAY	29	9	4	2
REACTOME_EFFECTS_OF_PIP2_HYDROLYSIS	29	14	7	1
REACTOME_NITRIC_OXIDE_STIMULATES_GUANYLATE_CYCLASE	29	9	5	4
PID_HIF1A_PATHWAY	29	7	3	3
BIOCARTA_WNT_PATHWAY	29	9	5	3
BIOCARTA_GCR_PATHWAY	29	11	5	3
PID_SYNDECAN_4_PATHWAY	29	10	5	3
PID_WNT_NONCANONICAL_PATHWAY	29	6	3	2
REACTOME_RECRUITMENT_OF_MITOTIC_CENTROSOME_PROTEINS_AND_COMPLEXES	29	8	4	2
BIOCARTA_CXCR4_PATHWAY	28	7	4	1
KEGG_ECM_RECEPTOR_INTERACTION	28	8	2	2
REACTOME_TCR_SIGNALING	28	10	6	1
REACTOME_MYOGENESIS	28	10	4	2
REACTOME_GLUCONEOGENESIS	28	7	3	2
BIOCARTA_KERATINOCYTE_PATHWAY	28	10	6	3
REACTOME_TRANS_GOLGI_NETWORK_VESICLE_BUDDING	28	7	3	2
PID_WNT_SIGNALING_PATHWAY	28	7	3	3
BIOCARTA_BCR_PATHWAY	28	6	3	2
BIOCARTA_STRESS_PATHWAY	28	9	5	3
REACTOME_ACTIVATION_OF_NF_KAPPAB_IN_B_CELLS	28	8	4	2
KEGG_LEISHMANIA_INFECTION	28	11	5	2
REACTOME_ASSEMBLY_OF_THE_PRE_REPLICATIVE_COMPLEX	28	6	3	2
REACTOME_SYNTHESIS_SECRETION_AND_DEACYLATION_OF_GHRELIN	28	6	3	2
REACTOME_CROSS_PRESENTATION_OF_SOLUBLE_EXOGENOUS_ANTIGENS_ENDOSOMES	28	6	4	2
BIOCARTA_IL2RB_PATHWAY	28	10	6	4
PID_P38_GAMMA_DELTA_PATHWAY	28	7	4	2
REACTOME_FGFR2C_LIGAND_BINDING_AND_ACTIVATION	28	11	4	3
REACTOME_NEGATIVE_REGULATION_OF_FGFR_SIGNALING	28	6	3	2
REACTOME_VOLTAGE_GATED_POTASSIUM_CHANNELS	28	9	3	2
HALLMARK_INTERFERON_ALPHA_RESPONSE	28	8	3	2
PID_EPHRINB_REV_PATHWAY	28	9	3	1
ST_WNT_BETA_CATENIN_PATHWAY	28	8	4	2
REACTOME_REGULATORY_RNA_PATHWAYS	28	6	3	2
REACTOME_MEIOTIC_RECOMBINATION	28	9	6	3
KEGG_GLYCEROPHOSPHOLIPID_METABOLISM	28	10	4	2
BIOCARTA_PITX2_PATHWAY	28	10	4	2
PID_IL12_STAT4_PATHWAY	28	12	6	3
REACTOME_IL_3_5_AND_GM_CSF_SIGNALING	27	9	5	3
BIOCARTA_TCR_PATHWAY	27	9	6	3
BIOCARTA_EIF4_PATHWAY	27	6	3	2
REACTOME_METABOLISM_OF_NUCLEOTIDES	27	6	3	1
REACTOME_ACTIVATION_OF_THE_AP1_FAMILY_OF_TRANSCRIPTION_FACTORS	27	6	3	2
PID_RHOA_REG_PATHWAY	27	7	3	2
BIOCARTA_DREAM_PATHWAY	27	6	3	2
BIOCARTA_TALL1_PATHWAY	27	8	4	3
KEGG_VIRAL_MYOCARDITIS	27	8	4	1
BIOCARTA_BARRESTIN_SRC_PATHWAY	27	6	3	2
REACTOME_SHC_RELATED_EVENTS	27	5	3	2
PID_P38_ALPHA_BETA_PATHWAY	27	6	2	2
REACTOME_TRNA_AMINOACYLATION	27	5	3	1
REACTOME_INFLUENZA_LIFE_CYCLE	27	5	3	2
REACTOME_ANTIGEN_PROCESSING_CROSS_PRESENTATION	27	4	2	2
REACTOME_SPHINGOLIPID_METABOLISM	27	8	3	2
REACTOME_DESTABILIZATION_OF_MRNA_BY_AUF1_HNRNP_D0	27	6	4	2
BIOCARTA_P38MAPK_PATHWAY	27	9	5	3
BIOCARTA_NO1_PATHWAY	27	9	4	2
REACTOME_SYNTHESIS_SECRETION_AND_INACTIVATION_OF_GLP1	27	6	3	1
BIOCARTA_EGFR_SMRTE_PATHWAY	27	8	4	3
KEGG_ARGININE_AND_PROLINE_METABOLISM	27	9	3	2
SA_G1_AND_S_PHASES	27	5	3	3
REACTOME_ABACAVIR_TRANSPORT_AND_METABOLISM	27	10	7	4
ST_JNK_MAPK_PATHWAY	27	6	2	3
REACTOME_RNA_POL_I_TRANSCRIPTION	27	5	3	1
PID_IL5_PATHWAY	27	8	5	2
HALLMARK_NOTCH_SIGNALING	27	9	5	3
BIOCARTA_DEATH_PATHWAY	27	8	5	3
REACTOME_INWARDLY_RECTIFYING_K_CHANNELS	27	8	2	2
BIOCARTA_RARRXR_PATHWAY	27	9	5	2
PID_FRA_PATHWAY	27	8	4	2
BIOCARTA_PS1_PATHWAY	27	7	4	3
REACTOME_RNA_POL_I_TRANSCRIPTION_TERMINATION	27	5	3	1
REACTOME_RNA_POL_I_TRANSCRIPTION_INITIATION	27	5	3	1
PID_IL12_2PATHWAY	27	16	7	4
PID_LYMPH_ANGIOGENESIS_PATHWAY	26	7	3	2
PID_TCPTP_PATHWAY	26	8	4	2
REACTOME_SIGNAL_ATTENUATION	26	6	3	2
BIOCARTA_NKCELLS_PATHWAY	26	5	3	1
REACTOME_DOWNSTREAM_TCR_SIGNALING	26	11	7	1
REACTOME_SEMA4D_IN_SEMAPHORIN_SIGNALING	26	8	4	3
KEGG_ARACHIDONIC_ACID_METABOLISM	26	6	2	2
REACTOME_ACTIVATED_TAK1_MEDIATES_P38_MAPK_ACTIVATION	26	8	4	1
REACTOME_SIGNALING_BY_NODAL	26	9	4	1
REACTOME_PTM_GAMMA_CARBOXYLATION_HYPUSINE_FORMATION_AND_ARYLSULFATASE_ACTIVATION	26	9	5	1
PID_EPHA2_FWD_PATHWAY	26	6	3	1
SA_B_CELL_RECEPTOR_COMPLEXES	26	6	3	2
REACTOME_PKB_MEDIATED_EVENTS	26	6	3	2
BIOCARTA_NTHI_PATHWAY	26	11	7	3
PID_HNF3B_PATHWAY	26	9	5	2
SA_REG_CASCADE_OF_CYCLIN_EXPR	26	5	3	2
KEGG_PROTEASOME	26	4	3	2
REACTOME_P53_INDEPENDENT_G1_S_DNA_DAMAGE_CHECKPOINT	26	5	4	2
REACTOME_SCF_BETA_TRCP_MEDIATED_DEGRADATION_OF_EMI1	26	5	4	2
REACTOME_VIF_MEDIATED_DEGRADATION_OF_APOBEC3G	26	5	4	2
REACTOME_ENERGY_DEPENDENT_REGULATION_OF_MTOR_BY_LKB1_AMPK	26	5	3	2
KEGG_RIG_I_LIKE_RECEPTOR_SIGNALING_PATHWAY	26	10	5	2
REACTOME_NEGATIVE_REGULATORS_OF_RIG_I_MDA5_SIGNALING	26	10	6	2
PID_RAS_PATHWAY	26	9	5	3
PID_ERA_GENOMIC_PATHWAY	26	9	5	2
KEGG_FATTY_ACID_METABOLISM	26	9	3	2
REACTOME_FGFR4_LIGAND_BINDING_AND_ACTIVATION	26	6	3	1
BIOCARTA_ERYTH_PATHWAY	26	9	6	2
BIOCARTA_GSK3_PATHWAY	26	10	6	3
REACTOME_SYNTHESIS_OF_VERY_LONG_CHAIN_FATTY_ACYL_COAS	26	8	5	3
REACTOME_SIGNALING_BY_FGFR_MUTANTS	26	8	4	3
PID_NECTIN_PATHWAY	26	10	4	3
BIOCARTA_FCER1_PATHWAY	26	6	3	2
HALLMARK_MYC_TARGETS_V2	26	6	3	2
PID_ALPHA_SYNUCLEIN_PATHWAY	26	5	2	2
REACTOME_MITOCHONDRIAL_PROTEIN_IMPORT	26	7	4	2
REACTOME_CLASS_C_3_METABOTROPIC_GLUTAMATE_PHEROMONE_RECEPTORS	26	6	3	2
REACTOME_CTNNB1_PHOSPHORYLATION_CASCADE	26	10	7	2
PID_PLK1_PATHWAY	26	7	4	1
PID_ANTHRAX_PATHWAY	25	6	2	1
PID_P38_MK2_PATHWAY	25	5	3	1
KEGG_VIBRIO_CHOLERAE_INFECTION	25	8	4	2
BIOCARTA_IL12_PATHWAY	25	13	6	2
REACTOME_ENOS_ACTIVATION_AND_REGULATION	25	8	3	3
PID_ILK_PATHWAY	25	7	4	3
REACTOME_APC_CDC20_MEDIATED_DEGRADATION_OF_NEK2A	25	9	5	2
NABA_ECM_AFFILIATED	25	12	4	2
REACTOME_G0_AND_EARLY_G1	25	8	4	2
REACTOME_PEPTIDE_HORMONE_BIOSYNTHESIS	25	8	3	1
REACTOME_PIP3_ACTIVATES_AKT_SIGNALING	25	7	4	3
KEGG_GLUTATHIONE_METABOLISM	25	6	3	3
REACTOME_GAB1_SIGNALOSOME	25	8	5	3
REACTOME_CDT1_ASSOCIATION_WITH_THE_CDC6_ORC_ORIGIN_COMPLEX	25	5	3	2
KEGG_HOMOLOGOUS_RECOMBINATION	25	8	6	3
REACTOME_REGULATION_OF_APOPTOSIS	25	5	2	2
HALLMARK_DNA_REPAIR	25	7	3	2
BIOCARTA_EIF_PATHWAY	25	6	3	2
REACTOME_SIGNALING_BY_FGFR3_MUTANTS	25	8	4	2
BIOCARTA_SKP2E2F_PATHWAY	25	6	3	2
ST_PHOSPHOINOSITIDE_3_KINASE_PATHWAY	25	9	4	2
BIOCARTA_CD40_PATHWAY	25	7	4	2
BIOCARTA_HIF_PATHWAY	25	7	3	1
KEGG_STEROID_HORMONE_BIOSYNTHESIS	25	10	5	3
KEGG_TASTE_TRANSDUCTION	25	7	3	2
BIOCARTA_PTC1_PATHWAY	25	6	3	2
KEGG_PYRIMIDINE_METABOLISM	25	7	3	2
REACTOME_SEROTONIN_RECEPTORS	25	7	3	0
PID_ATM_PATHWAY	25	9	6	2
REACTOME_PI_METABOLISM	25	8	4	2
BIOCARTA_GPCR_PATHWAY	25	7	3	2
BIOCARTA_MPR_PATHWAY	25	5	2	2
PID_MYC_PATHWAY	25	7	4	2
REACTOME_APOPTOTIC_CLEAVAGE_OF_CELLULAR_PROTEINS	25	8	3	1
BIOCARTA_NUCLEARRS_PATHWAY	24	7	4	3
BIOCARTA_BIOPEPTIDES_PATHWAY	24	9	4	2
REACTOME_SEMA4D_INDUCED_CELL_MIGRATION_AND_GROWTH_CONE_COLLAPSE	24	6	3	3
REACTOME_NOTCH1_INTRACELLULAR_DOMAIN_REGULATES_TRANSCRIPTION	24	8	4	2
ST_T_CELL_SIGNAL_TRANSDUCTION	24	10	3	2
REACTOME_FANCONI_ANEMIA_PATHWAY	24	6	2	1
SIG_INSULIN_RECEPTOR_PATHWAY_IN_CARDIAC_MYOCYTES	24	7	4	2
KEGG_PEROXISOME	24	7	3	2
REACTOME_YAP1_AND_WWTR1_TAZ_STIMULATED_GENE_EXPRESSION	24	10	5	2
REACTOME_PHASE_II_CONJUGATION	24	7	4	2
REACTOME_MTORC1_MEDIATED_SIGNALLING	24	6	3	1
REACTOME_DESTABILIZATION_OF_MRNA_BY_TRISTETRAPROLIN_TTP	24	7	3	2
REACTOME_DESTABILIZATION_OF_MRNA_BY_BRF1	24	7	3	2
REACTOME_CYTOCHROME_P450_ARRANGED_BY_SUBSTRATE_TYPE	24	8	4	3
REACTOME_ETHANOL_OXIDATION	24	8	3	1
BIOCARTA_ETS_PATHWAY	24	7	3	2
PID_CD40_PATHWAY	24	9	5	2
REACTOME_DSCAM_INTERACTIONS	24	7	3	2
REACTOME_REGULATION_OF_BETA_CELL_DEVELOPMENT	24	8	3	1
BIOCARTA_P27_PATHWAY	24	5	3	2
PID_ATR_PATHWAY	24	8	4	1
SA_PTEN_PATHWAY	24	6	3	2
BIOCARTA_CDMAC_PATHWAY	24	10	6	3
BIOCARTA_RB_PATHWAY	24	4	3	2
KEGG_RNA_DEGRADATION	24	8	5	2
REACTOME_NRAGE_SIGNALS_DEATH_THROUGH_JNK	24	9	5	2
PID_HIF2PATHWAY	24	7	2	2
PID_RAC1_PATHWAY	24	7	3	1
REACTOME_FATTY_ACYL_COA_BIOSYNTHESIS	24	8	5	2
REACTOME_CELL_DEATH_SIGNALLING_VIA_NRAGE_NRIF_AND_NADE	24	9	5	2
PID_BETA_CATENIN_DEG_PATHWAY	24	7	4	3
KEGG_GLYCEROLIPID_METABOLISM	24	9	3	1
REACTOME_AMINO_ACID_AND_OLIGOPEPTIDE_SLC_TRANSPORTERS	24	6	3	1
REACTOME_GLUCAGON_TYPE_LIGAND_RECEPTORS	24	8	2	2
PID_AURORA_B_PATHWAY	24	7	3	1
PID_SYNDECAN_2_PATHWAY	24	6	3	2
BIOCARTA_HIVNEF_PATHWAY	24	9	5	2
REACTOME_AMINO_ACID_TRANSPORT_ACROSS_THE_PLASMA_MEMBRANE	24	6	3	1
BIOCARTA_CELL2CELL_PATHWAY	24	8	3	1
KEGG_FRUCTOSE_AND_MANNOSE_METABOLISM	24	8	4	3
REACTOME_NEUROTRANSMITTER_RELEASE_CYCLE	24	9	3	2
ST_ADRENERGIC	23	10	4	0
REACTOME_ERKS_ARE_INACTIVATED	23	6	3	2
BIOCARTA_TOB1_PATHWAY	23	13	7	2
HALLMARK_PROTEIN_SECRETION	23	10	4	2
REACTOME_GOLGI_ASSOCIATED_VESICLE_BIOGENESIS	23	8	4	2
ST_GA13_PATHWAY	23	10	5	1
KEGG_NOD_LIKE_RECEPTOR_SIGNALING_PATHWAY	23	8	5	1
REACTOME_GLUTATHIONE_CONJUGATION	23	7	5	3
ST_P38_MAPK_PATHWAY	23	9	3	3
REACTOME_ADHERENS_JUNCTIONS_INTERACTIONS	23	17	6	1
REACTOME_DEADENYLATION_DEPENDENT_MRNA_DECAY	23	6	3	2
REACTOME_G1_S_SPECIFIC_TRANSCRIPTION	23	7	3	2
REACTOME_FORMATION_OF_INCISION_COMPLEX_IN_GG_NER	23	7	3	2
ST_GA12_PATHWAY	23	6	2	2
KEGG_PROXIMAL_TUBULE_BICARBONATE_RECLAMATION	23	6	3	0
KEGG_GLYCOSYLPHOSPHATIDYLINOSITOL_GPI_ANCHOR_BIOSYNTHESIS	23	5	3	1
REACTOME_FGFR_LIGAND_BINDING_AND_ACTIVATION	23	6	2	2
PID_IL3_PATHWAY	23	6	3	1
PID_WNT_CANONICAL_PATHWAY	23	9	6	1
REACTOME_TETRAHYDROBIOPTERIN_BH4_SYNTHESIS_RECYCLING_SALVAGE_AND_REGULATION	23	6	3	2
BIOCARTA_G2_PATHWAY	23	6	3	0
REACTOME_SYNTHESIS_OF_PIPS_AT_THE_PLASMA_MEMBRANE	23	8	3	2
KEGG_PHENYLALANINE_METABOLISM	23	6	3	2
REACTOME_DCC_MEDIATED_ATTRACTIVE_SIGNALING	23	6	2	1
REACTOME_TRIGLYCERIDE_BIOSYNTHESIS	23	9	4	2
BIOCARTA_CCR3_PATHWAY	23	6	3	2
KEGG_PRION_DISEASES	22	5	2	2
REACTOME_PROLONGED_ERK_ACTIVATION_EVENTS	22	6	2	2
REACTOME_CIRCADIAN_REPRESSION_OF_EXPRESSION_BY_REV_ERBA	22	10	5	2
REACTOME_DNA_STRAND_ELONGATION	22	5	2	2
PID_NEPHRIN_NEPH1_PATHWAY	22	7	4	2
BIOCARTA_CHREBP2_PATHWAY	22	9	5	2
PID_NFKAPPAB_ATYPICAL_PATHWAY	22	8	5	2
KEGG_MATURITY_ONSET_DIABETES_OF_THE_YOUNG	22	7	4	1
BIOCARTA_ATRBRCA_PATHWAY	22	5	2	2
PID_INTEGRIN_A9B1_PATHWAY	22	6	3	1
REACTOME_SHC_MEDIATED_CASCADE	22	5	2	1
REACTOME_POST_TRANSLATIONAL_MODIFICATION_SYNTHESIS_OF_GPI_ANCHORED_PROTEINS	22	5	3	1
KEGG_PROTEIN_EXPORT	22	7	3	1
KEGG_SULFUR_METABOLISM	22	7	3	2
KEGG_SELENOAMINO_ACID_METABOLISM	22	6	3	2
PID_ARF6_TRAFFICKING_PATHWAY	22	9	3	1
BIOCARTA_FAS_PATHWAY	22	7	2	0
REACTOME_TGF_BETA_RECEPTOR_SIGNALING_IN_EMT_EPITHELIAL_TO_MESENCHYMAL_TRANSITION	22	8	5	2
REACTOME_E2F_MEDIATED_REGULATION_OF_DNA_REPLICATION	22	7	4	3
KEGG_SNARE_INTERACTIONS_IN_VESICULAR_TRANSPORT	22	6	3	1
REACTOME_IL_RECEPTOR_SHC_SIGNALING	22	10	5	2
PID_REELIN_PATHWAY	22	6	2	2
KEGG_METABOLISM_OF_XENOBIOTICS_BY_CYTOCHROME_P450	22	7	2	2
REACTOME_HDL_MEDIATED_LIPID_TRANSPORT	22	9	4	2
REACTOME_ACTIVATED_POINT_MUTANTS_OF_FGFR2	22	9	4	3
REACTOME_FGFR1_LIGAND_BINDING_AND_ACTIVATION	22	8	4	3
REACTOME_ADVANCED_GLYCOSYLATION_ENDPRODUCT_RECEPTOR_SIGNALING	21	6	2	1
REACTOME_P38MAPK_EVENTS	21	6	3	1
BIOCARTA_IL7_PATHWAY	21	8	5	0
PID_CDC42_REG_PATHWAY	21	9	3	3
REACTOME_DESTABILIZATION_OF_MRNA_BY_KSRP	21	6	3	2
REACTOME_LATE_PHASE_OF_HIV_LIFE_CYCLE	21	5	2	2
BIOCARTA_MTOR_PATHWAY	21	7	4	0
REACTOME_RNA_POL_II_TRANSCRIPTION_PRE_INITIATION_AND_PROMOTER_OPENING	21	5	2	2
KEGG_TERPENOID_BACKBONE_BIOSYNTHESIS	21	4	2	1
BIOCARTA_IL1R_PATHWAY	21	9	5	3
REACTOME_THE_ROLE_OF_NEF_IN_HIV1_REPLICATION_AND_DISEASE_PATHOGENESIS	21	7	4	1
BIOCARTA_VDR_PATHWAY	21	6	2	2
KEGG_CYSTEINE_AND_METHIONINE_METABOLISM	21	7	3	2
REACTOME_LIPOPROTEIN_METABOLISM	21	15	8	3
REACTOME_GLYCOSAMINOGLYCAN_METABOLISM	21	9	3	2
HALLMARK_ANGIOGENESIS	21	7	3	2
KEGG_PATHOGENIC_ESCHERICHIA_COLI_INFECTION	21	7	3	2
REACTOME_SIGNALING_BY_ACTIVATED_POINT_MUTANTS_OF_FGFR1	21	9	4	3
REACTOME_THROMBIN_SIGNALLING_THROUGH_PROTEINASE_ACTIVATED_RECEPTORS_PARS	21	6	2	2
REACTOME_SIGNAL_AMPLIFICATION	21	7	2	1
REACTOME_SEMA3A_PAK_DEPENDENT_AXON_REPULSION	21	5	2	1
KEGG_AMINO_SUGAR_AND_NUCLEOTIDE_SUGAR_METABOLISM	20	8	4	2
REACTOME_CRMPS_IN_SEMA3A_SIGNALING	20	5	2	1
PID_INTEGRIN_A4B1_PATHWAY	20	6	2	2
REACTOME_BMAL1_CLOCK_NPAS2_ACTIVATES_CIRCADIAN_EXPRESSION	20	11	5	2
BIOCARTA_PLCE_PATHWAY	20	9	4	1
BIOCARTA_MCM_PATHWAY	20	4	2	1
PID_RAC1_REG_PATHWAY	20	9	4	3
REACTOME_MITOCHONDRIAL_TRNA_AMINOACYLATION	20	5	3	1
BIOCARTA_PTDINS_PATHWAY	20	5	3	2
REACTOME_REGULATION_OF_GENE_EXPRESSION_IN_BETA_CELLS	20	6	3	1
KEGG_AMINOACYL_TRNA_BIOSYNTHESIS	20	6	3	1
REACTOME_HOMOLOGOUS_RECOMBINATION_REPAIR_OF_REPLICATION_INDEPENDENT_DOUBLE_STRAND_BREAKS	20	6	3	1
REACTOME_RNA_POL_II_TRANSCRIPTION	20	6	3	2
REACTOME_RNA_POL_II_PRE_TRANSCRIPTION_EVENTS	20	4	2	2
REACTOME_CYCLIN_A_B1_ASSOCIATED_EVENTS_DURING_G2_M_TRANSITION	20	5	3	0
REACTOME_SIGNALING_BY_ROBO_RECEPTOR	20	7	2	1
REACTOME_CHOLESTEROL_BIOSYNTHESIS	20	3	1	1
PID_HNF3A_PATHWAY	20	7	4	2
REACTOME_SMAD2_SMAD3_SMAD4_HETEROTRIMER_REGULATES_TRANSCRIPTION	20	6	3	2
REACTOME_INHIBITION_OF_REPLICATION_INITIATION_OF_DAMAGED_DNA_BY_RB1_E2F1	20	6	3	3
REACTOME_CLEAVAGE_OF_GROWING_TRANSCRIPT_IN_THE_TERMINATION_REGION_	20	6	3	1
REACTOME_MEIOTIC_SYNAPSIS	20	5	2	1
REACTOME_LIPID_DIGESTION_MOBILIZATION_AND_TRANSPORT	20	13	7	3
BIOCARTA_INFLAM_PATHWAY	20	7	6	3
BIOCARTA_STEM_PATHWAY	20	8	5	3
REACTOME_INHIBITION_OF_VOLTAGE_GATED_CA2_CHANNELS_VIA_GBETA_GAMMA_SUBUNITS	20	7	2	2
REACTOME_NOREPINEPHRINE_NEUROTRANSMITTER_RELEASE_CYCLE	20	9	3	2
KEGG_TYROSINE_METABOLISM	20	7	2	2
BIOCARTA_SRCRPTP_PATHWAY	20	7	4	2
REACTOME_CS_DS_DEGRADATION	20	5	2	2
NABA_PROTEOGLYCANS	19	7	2	2
PID_FANCONI_PATHWAY	19	6	2	2
KEGG_LINOLEIC_ACID_METABOLISM	19	10	5	3
BIOCARTA_UCALPAIN_PATHWAY	19	6	3	1
SIG_CHEMOTAXIS	19	9	4	1
BIOCARTA_PROTEASOME_PATHWAY	19	4	2	2
REACTOME_UNFOLDED_PROTEIN_RESPONSE	19	8	4	2
PID_HIV_NEF_PATHWAY	19	9	6	3
REACTOME_ACTIVATION_OF_GENES_BY_ATF4	19	6	3	2
REACTOME_ENDOSOMAL_SORTING_COMPLEX_REQUIRED_FOR_TRANSPORT_ESCRT	19	6	3	2
REACTOME_CGMP_EFFECTS	19	6	2	2
BIOCARTA_ATM_PATHWAY	19	10	6	4
BIOCARTA_RAC1_PATHWAY	19	7	3	1
BIOCARTA_SALMONELLA_PATHWAY	19	4	2	1
BIOCARTA_MYOSIN_PATHWAY	19	5	2	2
BIOCARTA_TOLL_PATHWAY	19	9	4	3
KEGG_PPAR_SIGNALING_PATHWAY	19	7	3	2
REACTOME_BETA_DEFENSINS	19	8	3	2
REACTOME_ASSOCIATION_OF_TRIC_CCT_WITH_TARGET_PROTEINS_DURING_BIOSYNTHESIS	19	5	2	1
KEGG_HEMATOPOIETIC_CELL_LINEAGE	19	13	5	2
HALLMARK_IL6_JAK_STAT3_SIGNALING	19	14	6	4
HALLMARK_OXIDATIVE_PHOSPHORYLATION	19	8	4	2
PID_RHOA_PATHWAY	19	7	2	2
REACTOME_GLUTAMATE_NEUROTRANSMITTER_RELEASE_CYCLE	19	8	3	2
KEGG_GLYCOLYSIS_GLUCONEOGENESIS	19	7	3	2
REACTOME_APOPTOTIC_EXECUTION_PHASE	19	8	3	1
BIOCARTA_RHO_PATHWAY	19	6	3	2
REACTOME_SIGNALING_BY_FGFR1_MUTANTS	19	9	4	2
PID_UPA_UPAR_PATHWAY	19	7	2	2
ST_MYOCYTE_AD_PATHWAY	19	9	2	2
KEGG_LONG_TERM_POTENTIATION	19	7	2	2
REACTOME_DOPAMINE_NEUROTRANSMITTER_RELEASE_CYCLE	18	7	2	2
BIOCARTA_AKAPCENTROSOME_PATHWAY	18	8	4	2
PID_CD8_TCR_DOWNSTREAM_PATHWAY	18	11	5	2
BIOCARTA_NKT_PATHWAY	18	11	6	3
REACTOME_ENDOGENOUS_STEROLS	18	7	5	3
REACTOME_MEMBRANE_BINDING_AND_TARGETTING_OF_GAG_PROTEINS	18	5	2	1
REACTOME_NUCLEOTIDE_BINDING_DOMAIN_LEUCINE_RICH_REPEAT_CONTAINING_RECEPTOR_NLR_SIGNALING_PATHWAYS	18	8	4	1
REACTOME_REGULATION_OF_HYPOXIA_INDUCIBLE_FACTOR_HIF_BY_OXYGEN	18	6	3	1
PID_AURORA_A_PATHWAY	18	5	3	2
PID_IL1_PATHWAY	18	7	4	3
REACTOME_FORMATION_OF_THE_HIV1_EARLY_ELONGATION_COMPLEX	18	5	3	1
REACTOME_NEF_MEDIATED_DOWNREGULATION_OF_MHC_CLASS_I_COMPLEX_CELL_SURFACE_EXPRESSION	18	5	3	2
BIOCARTA_IL3_PATHWAY	18	4	2	2
REACTOME_ENDOSOMAL_VACUOLAR_PATHWAY	18	3	2	0
REACTOME_IL1_SIGNALING	18	8	4	2
ST_INTEGRIN_SIGNALING_PATHWAY	18	8	4	3
BIOCARTA_SHH_PATHWAY	18	6	3	1
BIOCARTA_PDGF_PATHWAY	18	8	3	1
REACTOME_MRNA_SPLICING_MINOR_PATHWAY	18	5	3	2
REACTOME_SPRY_REGULATION_OF_FGF_SIGNALING	18	5	2	2
REACTOME_APOBEC3G_MEDIATED_RESISTANCE_TO_HIV1_INFECTION	17	5	3	2
REACTOME_INTEGRIN_CELL_SURFACE_INTERACTIONS	17	8	3	2
REACTOME_RECYCLING_PATHWAY_OF_L1	17	5	2	1
REACTOME_FORMATION_OF_RNA_POL_II_ELONGATION_COMPLEX_	17	4	2	2
REACTOME_PERK_REGULATED_GENE_EXPRESSION	17	5	3	1
REACTOME_GAP_JUNCTION_DEGRADATION	17	6	2	2
PID_CASPASE_PATHWAY	17	8	4	2
REACTOME_OXYGEN_DEPENDENT_PROLINE_HYDROXYLATION_OF_HYPOXIA_INDUCIBLE_FACTOR_ALPHA	17	5	3	0
REACTOME_GLYCOSPHINGOLIPID_METABOLISM	17	5	2	0
REACTOME_TELOMERE_MAINTENANCE	17	3	2	2
REACTOME_MRNA_DECAY_BY_5_TO_3_EXORIBONUCLEASE	17	4	2	2
KEGG_CYTOSOLIC_DNA_SENSING_PATHWAY	17	7	4	2
PID_IL23_PATHWAY	17	13	6	2
PID_DELTA_NP63_PATHWAY	17	8	3	3
ST_GRANULE_CELL_SURVIVAL_PATHWAY	17	6	3	1
REACTOME_PECAM1_INTERACTIONS	17	6	3	2
REACTOME_ADP_SIGNALLING_THROUGH_P2RY1	17	7	2	1
BIOCARTA_SPPA_PATHWAY	17	5	2	2
REACTOME_DEFENSINS	17	8	3	2
BIOCARTA_MCALPAIN_PATHWAY	16	5	2	1
REACTOME_IL_7_SIGNALING	16	6	3	0
PID_TOLL_ENDOGENOUS_PATHWAY	16	7	3	1
BIOCARTA_CHEMICAL_PATHWAY	16	5	3	1
REACTOME_AKT_PHOSPHORYLATES_TARGETS_IN_THE_CYTOSOL	16	3	2	2
REACTOME_DOWNREGULATION_OF_TGF_BETA_RECEPTOR_SIGNALING	16	11	7	1
REACTOME_PROCESSIVE_SYNTHESIS_ON_THE_LAGGING_STRAND	16	3	2	2
KEGG_INTESTINAL_IMMUNE_NETWORK_FOR_IGA_PRODUCTION	16	13	6	2
BIOCARTA_CARDIACEGF_PATHWAY	16	11	6	3
REACTOME_REGULATION_OF_KIT_SIGNALING	16	5	3	3
ST_INTERLEUKIN_4_PATHWAY	16	8	5	1
KEGG_PARKINSONS_DISEASE	16	7	3	2
REACTOME_GAP_JUNCTION_TRAFFICKING	16	5	2	1
REACTOME_TRAFFICKING_OF_AMPA_RECEPTORS	16	5	2	3
REACTOME_XENOBIOTICS	16	8	5	4
REACTOME_O_LINKED_GLYCOSYLATION_OF_MUCINS	16	9	2	1
BIOCARTA_EIF2_PATHWAY	16	6	2	1
REACTOME_CHYLOMICRON_MEDIATED_LIPID_TRANSPORT	16	12	6	2
ST_G_ALPHA_S_PATHWAY	16	6	3	3
KEGG_COMPLEMENT_AND_COAGULATION_CASCADES	16	9	5	2
REACTOME_NEPHRIN_INTERACTIONS	15	11	5	2
PID_INTEGRIN3_PATHWAY	15	11	5	1
KEGG_VALINE_LEUCINE_AND_ISOLEUCINE_DEGRADATION	15	7	3	1
KEGG_ETHER_LIPID_METABOLISM	15	6	2	1
BIOCARTA_EPONFKB_PATHWAY	15	8	3	0
REACTOME_ACTIVATION_OF_THE_PRE_REPLICATIVE_COMPLEX	15	4	2	2
PID_TNF_PATHWAY	15	7	3	3
BIOCARTA_GRANULOCYTES_PATHWAY	15	8	6	2
KEGG_OXIDATIVE_PHOSPHORYLATION	15	5	2	2
REACTOME_METAL_ION_SLC_TRANSPORTERS	15	7	2	0
KEGG_HISTIDINE_METABOLISM	15	3	2	2
REACTOME_REGULATION_OF_INSULIN_SECRETION_BY_GLUCAGON_LIKE_PEPTIDE1	15	9	3	2
REACTOME_LYSOSOME_VESICLE_BIOGENESIS	15	5	2	2
BIOCARTA_EGF_PATHWAY	15	7	2	1
REACTOME_JNK_C_JUN_KINASES_PHOSPHORYLATION_AND_ACTIVATION_MEDIATED_BY_ACTIVATED_HUMAN_TAK1	15	7	3	1
REACTOME_PRE_NOTCH_PROCESSING_IN_GOLGI	15	11	6	2
REACTOME_DEGRADATION_OF_THE_EXTRACELLULAR_MATRIX	15	7	4	4
PID_ARF6_PATHWAY	15	6	2	1
REACTOME_ACTIVATION_OF_NMDA_RECEPTOR_UPON_GLUTAMATE_BINDING_AND_POSTSYNAPTIC_EVENTS	15	6	3	1
REACTOME_SULFUR_AMINO_ACID_METABOLISM	15	7	2	0
ST_STAT3_PATHWAY	15	4	2	0
KEGG_RETINOL_METABOLISM	15	9	4	1
REACTOME_ARMS_MEDIATED_ACTIVATION	14	6	2	2
REACTOME_NOD1_2_SIGNALING_PATHWAY	14	8	4	1
REACTOME_METABOLISM_OF_STEROID_HORMONES_AND_VITAMINS_A_AND_D	14	8	4	2
REACTOME_TRAF3_DEPENDENT_IRF_ACTIVATION_PATHWAY	14	5	2	1
REACTOME_SEMA3A_PLEXIN_REPULSION_SIGNALING_BY_INHIBITING_INTEGRIN_ADHESION	14	8	5	2
REACTOME_TRANSCRIPTION_COUPLED_NER_TC_NER	14	5	3	2
REACTOME_NUCLEOTIDE_EXCISION_REPAIR	14	6	3	2
BIOCARTA_LECTIN_PATHWAY	14	5	3	0
REACTOME_P75NTR_SIGNALS_VIA_NFKB	14	8	5	1
REACTOME_MICRORNA_MIRNA_BIOGENESIS	14	4	2	1
REACTOME_CD28_DEPENDENT_VAV1_PATHWAY	14	6	3	1
REACTOME_RIP_MEDIATED_NFKB_ACTIVATION_VIA_DAI	14	7	3	1
BIOCARTA_IL6_PATHWAY	14	6	3	0
REACTOME_CHONDROITIN_SULFATE_DERMATAN_SULFATE_METABOLISM	14	8	2	2
REACTOME_RESPIRATORY_ELECTRON_TRANSPORT_ATP_SYNTHESIS_BY_CHEMIOSMOTIC_COUPLING_AND_HEAT_PRODUCTION_BY_UNCOUPLING_PROTEINS_	14	4	2	2
BIOCARTA_ARAP_PATHWAY	14	5	2	2
PID_ERBB1_INTERNALIZATION_PATHWAY	14	6	2	0
REACTOME_INSULIN_SYNTHESIS_AND_PROCESSING	14	5	2	1
BIOCARTA_AMI_PATHWAY	14	10	6	3
KEGG_O_GLYCAN_BIOSYNTHESIS	14	6	1	1
REACTOME_POL_SWITCHING	14	5	2	2
REACTOME_RAP1_SIGNALLING	14	7	3	2
REACTOME_POST_NMDA_RECEPTOR_ACTIVATION_EVENTS	14	5	2	1
REACTOME_NEF_MEDIATES_DOWN_MODULATION_OF_CELL_SURFACE_RECEPTORS_BY_RECRUITING_THEM_TO_CLATHRIN_ADAPTERS	14	5	3	1
KEGG_DRUG_METABOLISM_CYTOCHROME_P450	14	9	4	2
REACTOME_SYNTHESIS_OF_SUBSTRATES_IN_N_GLYCAN_BIOSYTHESIS	14	5	2	1
KEGG_OLFACTORY_TRANSDUCTION	14	10	4	1
REACTOME_PLATELET_AGGREGATION_PLUG_FORMATION	14	12	5	4
PID_CD8_TCR_PATHWAY	13	11	5	2
SA_TRKA_RECEPTOR	13	7	2	1
KEGG_TRYPTOPHAN_METABOLISM	13	8	4	2
REACTOME_OTHER_SEMAPHORIN_INTERACTIONS	13	5	2	1
BIOCARTA_TNFR2_PATHWAY	13	7	4	2
REACTOME_TGF_BETA_RECEPTOR_SIGNALING_ACTIVATES_SMADS	13	9	6	1
REACTOME_SYNTHESIS_AND_INTERCONVERSION_OF_NUCLEOTIDE_DI_AND_TRIPHOSPHATES	13	4	2	0
BIOCARTA_COMP_PATHWAY	13	4	3	0
REACTOME_INTERFERON_ALPHA_BETA_SIGNALING	13	10	6	3
REACTOME_INTERFERON_GAMMA_SIGNALING	13	9	5	3
PID_INTEGRIN1_PATHWAY	13	8	3	2
REACTOME_EXTRACELLULAR_MATRIX_ORGANIZATION	13	6	2	2
KEGG_PENTOSE_PHOSPHATE_PATHWAY	13	6	2	2
BIOCARTA_AGPCR_PATHWAY	13	7	3	1
REACTOME_DEPOSITION_OF_NEW_CENPA_CONTAINING_NUCLEOSOMES_AT_THE_CENTROMERE	13	4	2	2
BIOCARTA_PLATELETAPP_PATHWAY	13	10	6	3
REACTOME_EXTENSION_OF_TELOMERES	13	4	2	2
KEGG_DNA_REPLICATION	13	4	2	2
PID_THROMBIN_PAR4_PATHWAY	13	5	3	1
REACTOME_ACTIVATED_AMPK_STIMULATES_FATTY_ACID_OXIDATION_IN_MUSCLE	13	7	3	1
PID_INTEGRIN2_PATHWAY	13	5	2	1
BIOCARTA_MONOCYTE_PATHWAY	13	7	4	1
REACTOME_PROTEOLYTIC_CLEAVAGE_OF_SNARE_COMPLEX_PROTEINS	13	3	1	1
KEGG_SPHINGOLIPID_METABOLISM	13	5	2	0
REACTOME_ASPARAGINE_N_LINKED_GLYCOSYLATION	13	7	2	1
REACTOME_ANDROGEN_BIOSYNTHESIS	12	6	3	2
BIOCARTA_GATA3_PATHWAY	12	9	5	2
BIOCARTA_NGF_PATHWAY	12	8	4	1
REACTOME_PROSTACYCLIN_SIGNALLING_THROUGH_PROSTACYCLIN_RECEPTOR	12	7	3	1
REACTOME_ADP_SIGNALLING_THROUGH_P2RY12	12	6	2	0
REACTOME_ABORTIVE_ELONGATION_OF_HIV1_TRANSCRIPT_IN_THE_ABSENCE_OF_TAT	12	4	2	1
BIOCARTA_TH1TH2_PATHWAY	12	10	4	1
REACTOME_GLYCOLYSIS	12	7	4	1
REACTOME_DARPP_32_EVENTS	12	8	5	1
REACTOME_COLLAGEN_FORMATION	12	6	2	2
PID_SYNDECAN_1_PATHWAY	12	5	2	2
REACTOME_GLUCOSE_TRANSPORT	12	6	3	2
REACTOME_RESPIRATORY_ELECTRON_TRANSPORT	12	4	2	2
REACTOME_KERATAN_SULFATE_BIOSYNTHESIS	12	7	3	1
REACTOME_KERATAN_SULFATE_KERATIN_METABOLISM	12	7	3	2
BIOCARTA_PML_PATHWAY	12	5	2	2
BIOCARTA_SARS_PATHWAY	12	6	2	0
BIOCARTA_BARRESTIN_PATHWAY	12	5	3	2
REACTOME_ZINC_TRANSPORTERS	12	6	2	1
REACTOME_SPHINGOLIPID_DE_NOVO_BIOSYNTHESIS	12	6	2	1
KEGG_ALANINE_ASPARTATE_AND_GLUTAMATE_METABOLISM	12	6	2	1
REACTOME_LAGGING_STRAND_SYNTHESIS	12	3	2	2
KEGG_ABC_TRANSPORTERS	12	9	3	3
REACTOME_ACETYLCHOLINE_BINDING_AND_DOWNSTREAM_EVENTS	12	8	4	1
REACTOME_PRESYNAPTIC_NICOTINIC_ACETYLCHOLINE_RECEPTORS	12	8	4	1
REACTOME_HEPARAN_SULFATE_HEPARIN_HS_GAG_METABOLISM	12	9	3	1
REACTOME_REGULATION_OF_SIGNALING_BY_CBL	11	5	2	1
REACTOME_TIE2_SIGNALING	11	7	3	0
REACTOME_UNWINDING_OF_DNA	11	4	1	0
BIOCARTA_CERAMIDE_PATHWAY	11	8	4	1
REACTOME_MRNA_CAPPING	11	4	2	1
REACTOME_FORMATION_OF_TRANSCRIPTION_COUPLED_NER_TC_NER_REPAIR_COMPLEX	11	4	2	1
REACTOME_VIRAL_MESSENGER_RNA_SYNTHESIS	11	3	2	1
PID_TCR_CALCIUM_PATHWAY	11	8	4	1
BIOCARTA_TID_PATHWAY	11	10	6	1
KEGG_AUTOIMMUNE_THYROID_DISEASE	11	10	5	1
REACTOME_TCA_CYCLE_AND_RESPIRATORY_ELECTRON_TRANSPORT	11	8	4	2
REACTOME_TRANSPORT_OF_MATURE_TRANSCRIPT_TO_CYTOPLASM	11	6	3	2
NABA_COLLAGENS	11	6	2	2
REACTOME_INTERACTIONS_OF_VPR_WITH_HOST_CELLULAR_PROTEINS	11	5	3	2
REACTOME_NCAM1_INTERACTIONS	11	6	3	2
PID_ARF_3PATHWAY	11	4	2	1
REACTOME_G_BETA_GAMMA_SIGNALLING_THROUGH_PI3KGAMMA	11	8	4	0
BIOCARTA_MTA3_PATHWAY	11	5	3	2
PID_IL27_PATHWAY	11	11	5	2
REACTOME_HIGHLY_CALCIUM_PERMEABLE_POSTSYNAPTIC_NICOTINIC_ACETYLCHOLINE_RECEPTORS	11	7	3	1
KEGG_N_GLYCAN_BIOSYNTHESIS	11	6	1	1
REACTOME_BIOSYNTHESIS_OF_THE_N_GLYCAN_PRECURSOR_DOLICHOL_LIPID_LINKED_OLIGOSACCHARIDE_LLO_AND_TRANSFER_TO_A_NASCENT_PROTEIN	11	5	2	0
REACTOME_P130CAS_LINKAGE_TO_MAPK_SIGNALING_FOR_INTEGRINS	11	7	2	1
REACTOME_MUSCLE_CONTRACTION	11	8	2	0
BIOCARTA_EXTRINSIC_PATHWAY	11	8	4	2
BIOCARTA_INTRINSIC_PATHWAY	11	8	4	2
BIOCARTA_ARENRF2_PATHWAY	10	6	3	2
ST_WNT_CA2_CYCLIC_GMP_PATHWAY	10	8	3	0
REACTOME_G_BETA_GAMMA_SIGNALLING_THROUGH_PLC_BETA	10	6	2	1
KEGG_PROPANOATE_METABOLISM	10	7	3	0
ST_G_ALPHA_I_PATHWAY	10	9	3	1
REACTOME_ELONGATION_ARREST_AND_RECOVERY	10	4	2	1
REACTOME_AMINE_LIGAND_BINDING_RECEPTORS	10	7	2	0
REACTOME_ACTIVATION_OF_ATR_IN_RESPONSE_TO_REPLICATION_STRESS	10	6	2	0
BIOCARTA_41BB_PATHWAY	10	9	5	2
BIOCARTA_VIP_PATHWAY	10	9	4	0
REACTOME_CTLA4_INHIBITORY_SIGNALING	10	7	3	2
PID_INTEGRIN4_PATHWAY	10	5	2	2
REACTOME_SYNTHESIS_OF_PIPS_AT_THE_GOLGI_MEMBRANE	10	5	2	2
NABA_BASEMENT_MEMBRANES	10	7	2	0
REACTOME_PROTEIN_FOLDING	10	6	2	1
KEGG_CITRATE_CYCLE_TCA_CYCLE	10	6	3	1
BIOCARTA_TNFR1_PATHWAY	10	6	2	2
REACTOME_TRAFFICKING_AND_PROCESSING_OF_ENDOSOMAL_TLR	10	6	3	0
REACTOME_A_TETRASACCHARIDE_LINKER_SEQUENCE_IS_REQUIRED_FOR_GAG_SYNTHESIS	10	7	2	1
REACTOME_G_PROTEIN_BETA_GAMMA_SIGNALLING	10	7	3	1
REACTOME_ACTIVATION_OF_CHAPERONE_GENES_BY_XBP1S	10	6	3	1
KEGG_GLYCOSAMINOGLYCAN_BIOSYNTHESIS_KERATAN_SULFATE	10	8	3	1
REACTOME_SYNTHESIS_OF_GLYCOSYLPHOSPHATIDYLINOSITOL_GPI	10	4	2	1
KEGG_RENIN_ANGIOTENSIN_SYSTEM	10	8	3	2
REACTOME_HS_GAG_BIOSYNTHESIS	10	10	1	0
KEGG_DORSO_VENTRAL_AXIS_FORMATION	10	7	2	2
REACTOME_ACTIVATED_NOTCH1_TRANSMITS_SIGNAL_TO_THE_NUCLEUS	10	5	2	1
REACTOME_PROCESSING_OF_CAPPED_INTRONLESS_PRE_MRNA	10	6	3	0
REACTOME_BOTULINUM_NEUROTOXICITY	10	4	1	1
SA_FAS_SIGNALING	10	6	3	1
REACTOME_ABCA_TRANSPORTERS_IN_LIPID_HOMEOSTASIS	10	9	3	1
REACTOME_ABC_FAMILY_PROTEINS_MEDIATED_TRANSPORT	10	9	3	0
REACTOME_FORMATION_OF_FIBRIN_CLOT_CLOTTING_CASCADE	10	7	3	2
ST_JAK_STAT_PATHWAY	10	5	2	0
REACTOME_SMOOTH_MUSCLE_CONTRACTION	10	7	2	0
REACTOME_INHIBITION_OF_INSULIN_SECRETION_BY_ADRENALINE_NORADRENALINE	10	7	2	1
REACTOME_COMMON_PATHWAY	10	7	4	2
BIOCARTA_P35ALZHEIMERS_PATHWAY	10	4	2	1
KEGG_CIRCADIAN_RHYTHM_MAMMAL	9	7	2	1
PID_CIRCADIAN_PATHWAY	9	6	2	1
REACTOME_STEROID_HORMONES	9	8	4	2
REACTOME_RNA_POL_III_TRANSCRIPTION_INITIATION_FROM_TYPE_3_PROMOTER	9	5	2	2
KEGG_TAURINE_AND_HYPOTAURINE_METABOLISM	9	5	2	1
BIOCARTA_NFKB_PATHWAY	9	7	3	2
ST_GAQ_PATHWAY	9	8	2	2
REACTOME_CHEMOKINE_RECEPTORS_BIND_CHEMOKINES	9	8	3	1
KEGG_ALLOGRAFT_REJECTION	9	8	4	1
BIOCARTA_STATHMIN_PATHWAY	9	8	3	1
BIOCARTA_IL2_PATHWAY	9	7	5	1
REACTOME_REGULATION_OF_GLUCOKINASE_BY_GLUCOKINASE_REGULATORY_PROTEIN	9	5	2	2
REACTOME_INSULIN_RECEPTOR_RECYCLING	9	6	3	2
KEGG_NUCLEOTIDE_EXCISION_REPAIR	9	7	2	1
PID_IL8_CXCR1_PATHWAY	9	5	2	1
REACTOME_CHONDROITIN_SULFATE_BIOSYNTHESIS	9	6	2	1
PID_IL8_CXCR2_PATHWAY	9	5	2	1
REACTOME_ACETYLCHOLINE_NEUROTRANSMITTER_RELEASE_CYCLE	9	7	2	1
REACTOME_HYALURONAN_METABOLISM	9	5	2	2
KEGG_NON_HOMOLOGOUS_END_JOINING	9	6	4	0
KEGG_GLYCOSPHINGOLIPID_BIOSYNTHESIS_LACTO_AND_NEOLACTO_SERIES	9	8	2	0
PID_INTEGRIN5_PATHWAY	9	8	4	0
PID_TCR_RAS_PATHWAY	9	5	2	1
REACTOME_BRANCHED_CHAIN_AMINO_ACID_CATABOLISM	9	6	2	1
REACTOME_TRAF6_MEDIATED_IRF7_ACTIVATION	9	6	2	0
REACTOME_TIGHT_JUNCTION_INTERACTIONS	9	5	2	0
REACTOME_COMPLEMENT_CASCADE	9	6	2	0
REACTOME_INTEGRIN_ALPHAIIB_BETA3_SIGNALING	9	9	2	2
HALLMARK_REACTIVE_OXIGEN_SPECIES_PATHWAY	9	7	3	1
REACTOME_INTRINSIC_PATHWAY	9	6	4	2
KEGG_DRUG_METABOLISM_OTHER_ENZYMES	9	8	4	0
ST_INTERFERON_GAMMA_PATHWAY	9	4	2	0
BIOCARTA_FIBRINOLYSIS_PATHWAY	9	7	4	3
KEGG_PANTOTHENATE_AND_COA_BIOSYNTHESIS	8	4	1	0
PID_NFKAPPAB_CANONICAL_PATHWAY	8	7	4	1
SA_PROGRAMMED_CELL_DEATH	8	2	1	1
REACTOME_MITOCHONDRIAL_FATTY_ACID_BETA_OXIDATION	8	6	3	1
REACTOME_ION_TRANSPORT_BY_P_TYPE_ATPASES	8	6	2	1
REACTOME_INFLAMMASOMES	8	6	4	1
BIOCARTA_CYTOKINE_PATHWAY	8	7	5	2
BIOCARTA_DC_PATHWAY	8	7	5	2
REACTOME_TAK1_ACTIVATES_NFKB_BY_PHOSPHORYLATION_AND_ACTIVATION_OF_IKKS_COMPLEX	8	7	4	1
KEGG_TYPE_I_DIABETES_MELLITUS	8	7	2	0
KEGG_GLYCOSAMINOGLYCAN_BIOSYNTHESIS_CHONDROITIN_SULFATE	8	6	2	1
REACTOME_PYRUVATE_METABOLISM_AND_CITRIC_ACID_TCA_CYCLE	8	6	3	1
REACTOME_CITRIC_ACID_CYCLE_TCA_CYCLE	8	6	3	0
REACTOME_COPI_MEDIATED_TRANSPORT	8	5	2	1
BIOCARTA_ACE2_PATHWAY	8	7	3	2
PID_ALK2_PATHWAY	8	7	2	0
REACTOME_CASPASE_MEDIATED_CLEAVAGE_OF_CYTOSKELETAL_PROTEINS	8	6	2	2
BIOCARTA_TRKA_PATHWAY	8	6	2	1
REACTOME_DOWNREGULATION_OF_ERBB2_ERBB3_SIGNALING	8	8	4	0
REACTOME_TERMINATION_OF_O_GLYCAN_BIOSYNTHESIS	8	8	1	0
BIOCARTA_TPO_PATHWAY	8	6	3	1
REACTOME_SIGNALING_BY_FGFR1_FUSION_MUTANTS	8	6	2	1
HALLMARK_PEROXISOME	8	7	2	2
REACTOME_KERATAN_SULFATE_DEGRADATION	8	4	2	2
BIOCARTA_EPHA4_PATHWAY	8	7	3	1
REACTOME_PEROXISOMAL_LIPID_METABOLISM	8	5	1	0
REACTOME_OLFACTORY_SIGNALING_PATHWAY	8	7	3	1
BIOCARTA_LAIR_PATHWAY	8	5	2	0
BIOCARTA_IL10_PATHWAY	8	7	3	1
REACTOME_RETROGRADE_NEUROTROPHIN_SIGNALLING	8	4	1	1
REACTOME_VEGF_LIGAND_RECEPTOR_INTERACTIONS	8	7	1	1
REACTOME_GLYCEROPHOSPHOLIPID_BIOSYNTHESIS	8	8	2	1
REACTOME_NA_CL_DEPENDENT_NEUROTRANSMITTER_TRANSPORTERS	8	8	3	0
BIOCARTA_LEPTIN_PATHWAY	8	5	2	1
REACTOME_RAS_ACTIVATION_UOPN_CA2_INFUX_THROUGH_NMDA_RECEPTOR	8	5	2	1
KEGG_NOTCH_SIGNALING_PATHWAY	8	6	2	1
REACTOME_IRAK2_MEDIATED_ACTIVATION_OF_TAK1_COMPLEX_UPON_TLR7_8_OR_9_STIMULATION	8	5	2	0
REACTOME_MRNA_DECAY_BY_3_TO_5_EXORIBONUCLEASE	7	3	2	2
BIOCARTA_RELA_PATHWAY	7	7	3	0
ST_TUMOR_NECROSIS_FACTOR_PATHWAY	7	6	2	2
REACTOME_NFKB_IS_ACTIVATED_AND_SIGNALS_SURVIVAL	7	6	3	1
REACTOME_PLATELET_SENSITIZATION_BY_LDL	7	6	3	1
REACTOME_TRAF6_MEDIATED_NFKB_ACTIVATION	7	7	4	1
REACTOME_HORMONE_LIGAND_BINDING_RECEPTORS	7	6	2	2
REACTOME_MRNA_3_END_PROCESSING	7	6	3	1
REACTOME_GLOBAL_GENOMIC_NER_GG_NER	7	6	2	2
REACTOME_TRANSPORT_OF_MATURE_MRNA_DERIVED_FROM_AN_INTRONLESS_TRANSCRIPT	7	5	2	1
REACTOME_AMYLOIDS	7	5	2	1
REACTOME_IRON_UPTAKE_AND_TRANSPORT	7	5	2	0
BIOCARTA_CALCINEURIN_PATHWAY	7	5	2	1
KEGG_GLYCOSPHINGOLIPID_BIOSYNTHESIS_GANGLIO_SERIES	7	6	1	2
REACTOME_G2_M_CHECKPOINTS	7	6	3	0
REACTOME_RNA_POL_III_TRANSCRIPTION_TERMINATION	7	5	2	1
REACTOME_TRAFFICKING_OF_GLUR2_CONTAINING_AMPA_RECEPTORS	7	5	2	3
REACTOME_METABOLISM_OF_POLYAMINES	7	5	1	0
REACTOME_METABOLISM_OF_VITAMINS_AND_COFACTORS	7	5	1	1
SA_MMP_CYTOKINE_CONNECTION	7	4	2	1
BIOCARTA_CARM1_PATHWAY	7	5	2	0
BIOCARTA_GLEEVEC_PATHWAY	7	6	2	0
PID_ERB_GENOMIC_PATHWAY	7	5	2	2
KEGG_RIBOFLAVIN_METABOLISM	7	5	2	0
REACTOME_GRB2_SOS_PROVIDES_LINKAGE_TO_MAPK_SIGNALING_FOR_INTERGRINS_	7	6	2	2
BIOCARTA_ACTINY_PATHWAY	7	6	2	1
BIOCARTA_IL4_PATHWAY	7	6	5	1
REACTOME_GABA_SYNTHESIS_RELEASE_REUPTAKE_AND_DEGRADATION	7	7	1	1
REACTOME_TRANSPORT_OF_VITAMINS_NUCLEOSIDES_AND_RELATED_MOLECULES	7	6	2	1
KEGG_NITROGEN_METABOLISM	7	6	2	0
BIOCARTA_NOS1_PATHWAY	7	7	3	0
BIOCARTA_PGC1A_PATHWAY	7	6	1	0
REACTOME_ELEVATION_OF_CYTOSOLIC_CA2_LEVELS	7	6	1	0
KEGG_BIOSYNTHESIS_OF_UNSATURATED_FATTY_ACIDS	7	6	2	1
REACTOME_DOUBLE_STRAND_BREAK_REPAIR	7	5	2	1
REACTOME_ROLE_OF_SECOND_MESSENGERS_IN_NETRIN1_SIGNALING	7	7	3	0
REACTOME_AMINE_COMPOUND_SLC_TRANSPORTERS	7	7	2	0
REACTOME_ACTIVATION_OF_KAINATE_RECEPTORS_UPON_GLUTAMATE_BINDING	7	7	2	0
BIOCARTA_IL22BP_PATHWAY	7	6	2	1
KEGG_BUTANOATE_METABOLISM	7	6	2	0
REACTOME_CREB_PHOSPHORYLATION_THROUGH_THE_ACTIVATION_OF_RAS	7	5	2	1
REACTOME_TRAF6_MEDIATED_INDUCTION_OF_TAK1_COMPLEX	7	7	1	0
REACTOME_PURINE_METABOLISM	7	5	3	2
REACTOME_POST_CHAPERONIN_TUBULIN_FOLDING_PATHWAY	7	6	2	0
KEGG_ALPHA_LINOLENIC_ACID_METABOLISM	6	6	3	1
KEGG_GLYCOSAMINOGLYCAN_BIOSYNTHESIS_HEPARAN_SULFATE	6	6	1	0
KEGG_ASTHMA	6	5	4	2
BIOCARTA_IL17_PATHWAY	6	5	3	1
KEGG_OTHER_GLYCAN_DEGRADATION	6	4	3	1
REACTOME_TRANSPORT_OF_RIBONUCLEOPROTEINS_INTO_THE_HOST_NUCLEUS	6	4	2	1
REACTOME_LATENT_INFECTION_OF_HOMO_SAPIENS_WITH_MYCOBACTERIUM_TUBERCULOSIS	6	4	1	1
REACTOME_EXTRINSIC_PATHWAY_FOR_APOPTOSIS	6	4	1	0
HALLMARK_BILE_ACID_METABOLISM	6	5	1	1
REACTOME_NEP_NS2_INTERACTS_WITH_THE_CELLULAR_EXPORT_MACHINERY	6	4	2	1
REACTOME_RESOLUTION_OF_AP_SITES_VIA_THE_MULTIPLE_NUCLEOTIDE_PATCH_REPLACEMENT_PATHWAY	6	4	2	2
REACTOME_RNA_POL_III_TRANSCRIPTION	6	5	2	2
REACTOME_BASE_EXCISION_REPAIR	6	4	2	2
KEGG_RNA_POLYMERASE	6	3	2	1
SA_CASPASE_CASCADE	6	5	1	1
REACTOME_CYTOSOLIC_TRNA_AMINOACYLATION	6	4	2	1
KEGG_FOLATE_BIOSYNTHESIS	6	4	2	0
REACTOME_GLYCOPROTEIN_HORMONES	6	6	1	1
BIOCARTA_RANMS_PATHWAY	6	3	2	1
KEGG_STEROID_BIOSYNTHESIS	6	4	2	1
KEGG_BASE_EXCISION_REPAIR	6	4	2	2
REACTOME_PURINE_RIBONUCLEOSIDE_MONOPHOSPHATE_BIOSYNTHESIS	6	5	2	0
BIOCARTA_CCR5_PATHWAY	6	5	1	1
KEGG_NICOTINATE_AND_NICOTINAMIDE_METABOLISM	6	6	1	1
KEGG_BETA_ALANINE_METABOLISM	6	5	1	0
PID_S1P_META_PATHWAY	6	5	2	0
KEGG_GLYCOSPHINGOLIPID_BIOSYNTHESIS_GLOBO_SERIES	6	5	1	1
REACTOME_SIGNALING_BY_CONSTITUTIVELY_ACTIVE_EGFR	6	5	2	0
PID_RHODOPSIN_PATHWAY	6	5	2	1
REACTOME_GABA_A_RECEPTOR_ACTIVATION	6	6	1	0
REACTOME_UNBLOCKING_OF_NMDA_RECEPTOR_GLUTAMATE_BINDING_AND_ACTIVATION	6	6	2	1
REACTOME_AMINO_ACID_SYNTHESIS_AND_INTERCONVERSION_TRANSAMINATION	6	6	2	0
REACTOME_HS_GAG_DEGRADATION	6	6	1	1
PID_VEGF_VEGFR_PATHWAY	6	5	1	1
REACTOME_IONOTROPIC_ACTIVITY_OF_KAINATE_RECEPTORS	6	6	1	0
PID_DNA_PK_PATHWAY	6	4	1	0
REACTOME_GENERATION_OF_SECOND_MESSENGER_MOLECULES	6	4	2	0
BIOCARTA_CLASSIC_PATHWAY	6	3	2	0
REACTOME_PLATELET_ADHESION_TO_EXPOSED_COLLAGEN	6	5	2	1
REACTOME_TANDEM_PORE_DOMAIN_POTASSIUM_CHANNELS	6	6	0	1
REACTOME_SYNTHESIS_OF_PC	6	6	1	0
REACTOME_SYNTHESIS_OF_PE	6	6	2	0
REACTOME_SYNTHESIS_OF_PIPS_AT_THE_EARLY_ENDOSOME_MEMBRANE	6	6	2	2
REACTOME_REGULATION_OF_IFNG_SIGNALING	6	6	2	0
REACTOME_THROMBOXANE_SIGNALLING_THROUGH_TP_RECEPTOR	6	5	1	0
KEGG_PRIMARY_IMMUNODEFICIENCY	6	6	3	0
BIOCARTA_NO2IL12_PATHWAY	6	6	1	0
REACTOME_PYRIMIDINE_METABOLISM	6	5	2	0
KEGG_LIMONENE_AND_PINENE_DEGRADATION	6	4	2	1
ST_PAC1_RECEPTOR_PATHWAY	6	6	2	0
KEGG_ANTIGEN_PROCESSING_AND_PRESENTATION	6	3	1	1
REACTOME_HYALURONAN_UPTAKE_AND_DEGRADATION	6	5	2	1
REACTOME_STRIATED_MUSCLE_CONTRACTION	6	6	2	0
PID_TCR_JNK_PATHWAY	5	5	1	0
REACTOME_ACYL_CHAIN_REMODELLING_OF_PE	5	5	2	0
BIOCARTA_FREE_PATHWAY	5	5	4	2
REACTOME_ROLE_OF_DCC_IN_REGULATING_APOPTOSIS	5	4	1	1
REACTOME_METABOLISM_OF_NON_CODING_RNA	5	4	2	1
REACTOME_BASE_FREE_SUGAR_PHOSPHATE_REMOVAL_VIA_THE_SINGLE_NUCLEOTIDE_REPLACEMENT_PATHWAY	5	4	2	1
REACTOME_AMINE_DERIVED_HORMONES	5	5	2	1
REACTOME_RESOLUTION_OF_AP_SITES_VIA_THE_SINGLE_NUCLEOTIDE_REPLACEMENT_PATHWAY	5	4	2	1
REACTOME_NEGATIVE_REGULATION_OF_THE_PI3K_AKT_NETWORK	5	4	1	1
REACTOME_BILE_SALT_AND_ORGANIC_ANION_SLC_TRANSPORTERS	5	4	1	0
KEGG_GLYCINE_SERINE_AND_THREONINE_METABOLISM	5	4	2	1
REACTOME_VITAMIN_B5_PANTOTHENATE_METABOLISM	5	4	1	1
REACTOME_PYRUVATE_METABOLISM	5	4	1	1
REACTOME_RNA_POL_III_TRANSCRIPTION_INITIATION_FROM_TYPE_2_PROMOTER	5	4	2	2
KEGG_STARCH_AND_SUCROSE_METABOLISM	5	5	1	0
REACTOME_PACKAGING_OF_TELOMERE_ENDS	5	3	2	1
BIOCARTA_SPRY_PATHWAY	5	4	1	1
BIOCARTA_EPO_PATHWAY	5	4	2	0
REACTOME_SIGNAL_REGULATORY_PROTEIN_SIRP_FAMILY_INTERACTIONS	5	4	1	1
BIOCARTA_CBL_PATHWAY	5	4	1	1
PID_CONE_PATHWAY	5	4	1	1
ST_IL_13_PATHWAY	5	5	3	0
BIOCARTA_IL5_PATHWAY	5	5	3	0
BIOCARTA_ASBCELL_PATHWAY	5	5	3	0
REACTOME_ION_CHANNEL_TRANSPORT	5	5	0	0
PID_INTEGRIN_CS_PATHWAY	5	5	2	1
REACTOME_SIGNALING_BY_HIPPO	5	5	1	1
KEGG_GLYOXYLATE_AND_DICARBOXYLATE_METABOLISM	5	5	2	1
REACTOME_PROSTANOID_LIGAND_RECEPTORS	5	5	1	0
REACTOME_EICOSANOID_LIGAND_BINDING_RECEPTORS	5	5	1	0
BIOCARTA_MEF2D_PATHWAY	5	5	1	0
REACTOME_CREB_PHOSPHORYLATION_THROUGH_THE_ACTIVATION_OF_CAMKII	5	5	2	1
REACTOME_SYNTHESIS_OF_PA	5	5	0	0
PID_RANBP2_PATHWAY	5	5	1	0
REACTOME_ACTIVATION_OF_IRF3_IRF7_MEDIATED_BY_TBK1_IKK_EPSILON	5	5	0	0
REACTOME_SYNTHESIS_OF_PIPS_AT_THE_LATE_ENDOSOME_MEMBRANE	5	5	2	2
REACTOME_PURINE_CATABOLISM	5	5	2	2
REACTOME_PREFOLDIN_MEDIATED_TRANSFER_OF_SUBSTRATE_TO_CCT_TRIC	5	5	2	0
REACTOME_IKK_COMPLEX_RECRUITMENT_MEDIATED_BY_RIP1	5	5	1	0
REACTOME_BASIGIN_INTERACTIONS	5	5	2	2
BIOCARTA_HSP27_PATHWAY	5	5	3	0
BIOCARTA_MITOCHONDRIA_PATHWAY	5	5	1	1
REACTOME_NOTCH_HLH_TRANSCRIPTION_PATHWAY	5	5	1	0
REACTOME_FORMATION_OF_TUBULIN_FOLDING_INTERMEDIATES_BY_CCT_TRIC	5	5	2	0
BIOCARTA_KREB_PATHWAY	5	5	3	1
REACTOME_ACYL_CHAIN_REMODELLING_OF_PC	4	4	1	0
BIOCARTA_RANKL_PATHWAY	4	4	2	0
REACTOME_IMMUNOREGULATORY_INTERACTIONS_BETWEEN_A_LYMPHOID_AND_A_NON_LYMPHOID_CELL	4	3	1	1
REACTOME_G2_M_DNA_DAMAGE_CHECKPOINT	4	3	1	0
REACTOME_APOPTOSIS_INDUCED_DNA_FRAGMENTATION	4	3	1	0
BIOCARTA_ETC_PATHWAY	4	3	1	0
REACTOME_REMOVAL_OF_THE_FLAP_INTERMEDIATE_FROM_THE_C_STRAND	4	2	1	2
BIOCARTA_CFTR_PATHWAY	4	3	1	0
REACTOME_DEADENYLATION_OF_MRNA	4	4	1	0
BIOCARTA_TCYTOTOXIC_PATHWAY	4	4	1	0
REACTOME_PD1_SIGNALING	4	4	3	0
BIOCARTA_CSK_PATHWAY	4	4	3	0
REACTOME_LIGAND_GATED_ION_CHANNEL_TRANSPORT	4	4	0	0
REACTOME_TRANSPORT_OF_ORGANIC_ANIONS	4	4	0	1
REACTOME_KINESINS	4	4	1	1
REACTOME_REGULATION_OF_COMPLEMENT_CASCADE	4	4	0	0
PID_PDGFRA_PATHWAY	4	4	1	0
REACTOME_GAP_JUNCTION_ASSEMBLY	4	4	1	1
REACTOME_THE_NLRP3_INFLAMMASOME	4	4	1	1
REACTOME_EGFR_DOWNREGULATION	4	4	1	0
BIOCARTA_CK1_PATHWAY	4	4	1	0
KEGG_GRAFT_VERSUS_HOST_DISEASE	4	4	0	0
KEGG_PRIMARY_BILE_ACID_BIOSYNTHESIS	4	4	1	1
REACTOME_TRANSPORT_TO_THE_GOLGI_AND_SUBSEQUENT_MODIFICATION	4	4	0	1
BIOCARTA_CTL_PATHWAY	4	4	1	1
KEGG_GLYCOSAMINOGLYCAN_DEGRADATION	4	4	1	1
REACTOME_RECRUITMENT_OF_NUMA_TO_MITOTIC_CENTROSOMES	4	3	1	1
REACTOME_SYNTHESIS_OF_BILE_ACIDS_AND_BILE_SALTS_VIA_7ALPHA_HYDROXYCHOLESTEROL	4	4	1	1
REACTOME_TRANSFERRIN_ENDOCYTOSIS_AND_RECYCLING	4	4	1	0
REACTOME_APOPTOTIC_CLEAVAGE_OF_CELL_ADHESION_PROTEINS	4	4	1	0
REACTOME_IRAK1_RECRUITS_IKK_COMPLEX	4	4	1	0
REACTOME_RNA_POL_III_CHAIN_ELONGATION	4	4	2	1
KEGG_MISMATCH_REPAIR	4	4	1	0
KEGG_BASAL_TRANSCRIPTION_FACTORS	4	4	2	1
BIOCARTA_PARKIN_PATHWAY	4	4	0	0
BIOCARTA_CASPASE_PATHWAY	4	4	1	0
REACTOME_IL_6_SIGNALING	4	4	1	0
REACTOME_NFKB_ACTIVATION_THROUGH_FADD_RIP1_PATHWAY_MEDIATED_BY_CASPASE_8_AND10	4	4	1	0
BIOCARTA_NDKDYNAMIN_PATHWAY	4	4	1	0
REACTOME_GLYCOGEN_BREAKDOWN_GLYCOGENOLYSIS	4	4	1	0
KEGG_GALACTOSE_METABOLISM	4	4	1	0
KEGG_ONE_CARBON_POOL_BY_FOLATE	4	4	1	1
REACTOME_N_GLYCAN_TRIMMING_IN_THE_ER_AND_CALNEXIN_CALRETICULIN_CYCLE	4	4	2	1
BIOCARTA_DNAFRAGMENT_PATHWAY	4	4	1	1
BIOCARTA_BLYMPHOCYTE_PATHWAY	4	4	0	0
REACTOME_ANTIGEN_PRESENTATION_FOLDING_ASSEMBLY_AND_PEPTIDE_LOADING_OF_CLASS_I_MHC	4	4	1	1
REACTOME_CALNEXIN_CALRETICULIN_CYCLE	4	4	2	1
REACTOME_THE_ACTIVATION_OF_ARYLSULFATASES	4	4	1	0
BIOCARTA_SODD_PATHWAY	4	4	1	0
REACTOME_TRAF6_MEDIATED_IRF7_ACTIVATION_IN_TLR7_8_OR_9_SIGNALING	4	4	1	0
REACTOME_REGULATION_OF_IFNA_SIGNALING	4	4	1	1
BIOCARTA_VITCB_PATHWAY	4	4	0	0
REACTOME_PYRIMIDINE_CATABOLISM	4	4	0	0
ST_TYPE_I_INTERFERON_PATHWAY	4	4	1	0
SIG_REGULATION_OF_THE_ACTIN_CYTOSKELETON_BY_RHO_GTPASES	3	3	1	0
REACTOME_FORMATION_OF_ATP_BY_CHEMIOSMOTIC_COUPLING	3	2	1	2
REACTOME_NUCLEOTIDE_LIKE_PURINERGIC_RECEPTORS	3	3	0	0
BIOCARTA_THELPER_PATHWAY	3	3	1	0
REACTOME_BILE_ACID_AND_BILE_SALT_METABOLISM	3	3	0	0
REACTOME_SYNTHESIS_OF_BILE_ACIDS_AND_BILE_SALTS	3	3	0	0
REACTOME_N_GLYCAN_ANTENNAE_ELONGATION_IN_THE_MEDIAL_TRANS_GOLGI	3	3	0	0
REACTOME_N_GLYCAN_ANTENNAE_ELONGATION	3	3	0	0
REACTOME_REGULATION_OF_INSULIN_SECRETION_BY_ACETYLCHOLINE	3	3	0	0
BIOCARTA_LYM_PATHWAY	3	3	0	0
BIOCARTA_GABA_PATHWAY	3	3	0	0
REACTOME_RECYCLING_OF_BILE_ACIDS_AND_SALTS	3	3	0	0
REACTOME_TRYPTOPHAN_CATABOLISM	3	3	0	0
BIOCARTA_D4GDI_PATHWAY	3	3	0	0
BIOCARTA_RAB_PATHWAY	3	3	0	0
KEGG_VALINE_LEUCINE_AND_ISOLEUCINE_BIOSYNTHESIS	3	3	0	0
REACTOME_ACYL_CHAIN_REMODELLING_OF_PG	3	3	0	0
REACTOME_REPAIR_SYNTHESIS_FOR_GAP_FILLING_BY_DNA_POL_IN_TC_NER	3	3	1	1
BIOCARTA_CACAM_PATHWAY	3	3	0	0
REACTOME_P75NTR_RECRUITS_SIGNALLING_COMPLEXES	3	3	0	0
BIOCARTA_TCAPOPTOSIS_PATHWAY	3	3	0	0
KEGG_ASCORBATE_AND_ALDARATE_METABOLISM	3	3	0	0
REACTOME_CELL_EXTRACELLULAR_MATRIX_INTERACTIONS	3	3	0	1
REACTOME_ACYL_CHAIN_REMODELLING_OF_PS	3	3	0	0
REACTOME_ACYL_CHAIN_REMODELLING_OF_PI	3	3	0	0
KEGG_PORPHYRIN_AND_CHLOROPHYLL_METABOLISM	3	3	0	0
REACTOME_CYTOSOLIC_SULFONATION_OF_SMALL_MOLECULES	3	3	0	1
BIOCARTA_AKAP95_PATHWAY	3	3	1	0
REACTOME_CREATION_OF_C4_AND_C2_ACTIVATORS	3	3	0	0
REACTOME_ACTIVATION_OF_CHAPERONES_BY_ATF6_ALPHA	3	3	1	0
REACTOME_ALPHA_LINOLENIC_ACID_ALA_METABOLISM	3	3	0	0
REACTOME_PROCESSING_OF_INTRONLESS_PRE_MRNAS	3	3	1	0
BIOCARTA_AHSP_PATHWAY	3	3	1	1
REACTOME_E2F_ENABLED_INHIBITION_OF_PRE_REPLICATION_COMPLEX_FORMATION	3	3	1	0
REACTOME_SIGNALING_BY_NOTCH3	3	3	1	0
REACTOME_RECEPTOR_LIGAND_BINDING_INITIATES_THE_SECOND_PROTEOLYTIC_CLEAVAGE_OF_NOTCH_RECEPTOR	3	3	0	0
REACTOME_PURINE_SALVAGE	3	3	1	0
REACTOME_BINDING_AND_ENTRY_OF_HIV_VIRION	3	3	0	0
REACTOME_SIGNALING_BY_NOTCH2	3	3	1	0
BIOCARTA_SET_PATHWAY	3	3	1	0
REACTOME_SIGNALING_BY_NOTCH4	3	3	1	0
REACTOME_OPSINS	3	3	0	0
BIOCARTA_GLYCOLYSIS_PATHWAY	3	3	0	0
BIOCARTA_NEUROTRANSMITTERS_PATHWAY	3	3	1	0
REACTOME_ASSOCIATION_OF_LICENSING_FACTORS_WITH_THE_PRE_REPLICATIVE_COMPLEX	3	3	1	1
REACTOME_CDC6_ASSOCIATION_WITH_THE_ORC_ORIGIN_COMPLEX	3	3	1	1
REACTOME_FACILITATIVE_NA_INDEPENDENT_GLUCOSE_TRANSPORTERS	2	2	1	0
REACTOME_REGULATION_OF_THE_FANCONI_ANEMIA_PATHWAY	2	2	1	0
REACTOME_PHOSPHORYLATION_OF_CD3_AND_TCR_ZETA_CHAINS	2	2	1	0
BIOCARTA_TCRA_PATHWAY	2	2	1	0
REACTOME_REGULATION_OF_PYRUVATE_DEHYDROGENASE_PDH_COMPLEX	2	2	0	0
REACTOME_HORMONE_SENSITIVE_LIPASE_HSL_MEDIATED_TRIACYLGLYCEROL_HYDROLYSIS	2	2	0	0
REACTOME_SYNTHESIS_OF_BILE_ACIDS_AND_BILE_SALTS_VIA_24_HYDROXYCHOLESTEROL	2	2	0	1
REACTOME_PASSIVE_TRANSPORT_BY_AQUAPORINS	2	2	0	0
KEGG_PENTOSE_AND_GLUCURONATE_INTERCONVERSIONS	2	2	0	0
KEGG_SYSTEMIC_LUPUS_ERYTHEMATOSUS	2	2	1	1
REACTOME_INITIAL_TRIGGERING_OF_COMPLEMENT	2	2	0	0
SA_G2_AND_M_PHASES	2	2	0	0
REACTOME_ACTIVATION_OF_CHAPERONE_GENES_BY_ATF6_ALPHA	2	2	1	0
REACTOME_DIGESTION_OF_DIETARY_CARBOHYDRATE	2	2	0	0
KEGG_REGULATION_OF_AUTOPHAGY	2	2	0	0
REACTOME_METABOLISM_OF_PORPHYRINS	2	2	0	0
REACTOME_REGULATED_PROTEOLYSIS_OF_P75NTR	2	2	0	0
REACTOME_NRIF_SIGNALS_CELL_DEATH_FROM_THE_NUCLEUS	2	2	0	0
REACTOME_P2Y_RECEPTORS	2	2	0	0
BIOCARTA_FEEDER_PATHWAY	2	2	0	0
REACTOME_SLBP_DEPENDENT_PROCESSING_OF_REPLICATION_DEPENDENT_HISTONE_PRE_MRNAS	2	2	0	0
REACTOME_REGULATION_OF_RHEB_GTPASE_ACTIVITY_BY_AMPK	1	1	0	1
REACTOME_REVERSIBLE_HYDRATION_OF_CARBON_DIOXIDE	1	1	0	0
REACTOME_GLUCURONIDATION	1	1	0	0
REACTOME_TRANSLOCATION_OF_ZAP_70_TO_IMMUNOLOGICAL_SYNAPSE	1	1	0	0
